id;Label;Continent;Country
AAA;Anaa;OC;PF
AAC;EL-ARISH;AS;EG
AAE;Annaba;AF;DZ
AAL;AalborgAirport;EU;DK
AAN;AlAin;AS;AE
AAR;AarhusTirstrupAirport;EU;DK
AAT;Altay;AS;CN
AAY;AlGhaydah;AS;YE
ABC;Albacete;EU;ES
ABD;Abadan;AS;IR
ABK;KabriDehar;AF;ET
ABL;Ambler;N_A;US
ABS;AbuSimbel;AF;EG
ABT;AlBaha;AS;SA
ABZ;Aberdeen;EU;GB
ACA;Acapulco;N_A;MX
ACE;Lanzarote;EU;ES
ACH;Altenrhein;EU;CH
ACI;Alderney;EU;GG
ACP;Sahand;AS;IR
ACU;Achutupo;N_A;PA
ACZ;Zabol;AS;IR
ADA;Adana;AS;TR
ADB;IzmirAdnanMenderesApt;AS;TR
ADD;AddisAbaba;AF;ET
ADE;Aden;AS;YE
ADF;Adiyaman;AS;TR
ADJ;AMMANMARKAINTL;AS;JO
ADK;AdakIsland;N_A;US
ADQ;KodiakApt;N_A;US
ADU;Ardabil;AS;IR
ADX;LEUCHARS;EU;GB
AEB;Baise;AS;CN
AEH;ABECHE;AF;TD
AEO;AIOUN-EL-ATROUSS;AF;MR
AES;Alesund;EU;NO
AET;Allakaket;N_A;US
AEY;Akureyri;EU;IS
AFT;Afutara;OC;SB
AFY;AFYON;AS;TR
AFZ;Sabzevar;AS;IR
AGA;Agadir;AF;MA
AGB;MunichAugsburgApt;EU;DE
AGF;Agen;EU;FR
AGL;Wanigela;OC;PG
AGM;Tasiilaq;N_A;GL
AGN;Angoon;N_A;US
AGP;Malaga;EU;ES
AGQ;AGRINION;EU;GR
AGU;Aguascalientes;N_A;MX
AHB;Abha;AS;SA
AHE;Ahe;OC;PF
AHO;Alghero;EU;IT
AHS;Ahu�s;N_A;HN
AHU;AlHoceima;AF;MA
AIC;XXX;OC;MH
AIM;XXX;OC;MH
AIN;Wainwright;N_A;US
AIT;AitutakiIsland;OC;CK
AIU;AtiuIsland;OC;CK
AJA;Ajaccio;EU;FR
AJF;Jouf;AS;SA
AJI;Agri;AS;TR
AJN;Anjouan;AF;KM
AJY;AGADEZ/MANUDAYAK;AF;NE
AKB;Atka;N_A;US
AKF;Kufra;AF;LY
AKH;GASTONIAMUNI;AS;SA
AKI;Akiak;N_A;US
AKK;Akhiok;N_A;US
AKN;KingSalmon;N_A;US
AKP;AnaktuvukPass;N_A;US
AKS;Auki(SB);OC;SB
AKV;Akulivik;N_A;CA
ALC;Alicante;EU;ES
ALF;Alta;EU;NO
ALG;Algiers;AF;DZ
ALL;ALBENGA;EU;IT
ALP;ALEPPOINTL;AS;SY
ALR;ALEXANDRA;OC;NZ
ALY;ALEXANDRIAINTL;AF;EG
ALZ;Alitak;N_A;US
AMH;ArbaMinch;AF;ET
AMM;AmmanQueenAliaInternationalApt;AS;JO
AMS;Amsterdam;EU;NL
AMY;Ambatomainty;AF;MG
AMZ;ARDMORE;OC;NZ
ANC;AnchorageInternationalApt;N_A;US
ANE;ANGERS/MARCE;EU;FR
ANG;Angouleme;EU;FR
ANI;Aniak;N_A;US
ANJ;SAULTSTEMARIEMUNI/SANDERSON;AF;CG
ANK;ANKARA/ETIMESGUT;AS;TR
ANM;Antalaha;AF;MG
ANN;ANNETTEISLAND;N_A;US
ANO;ANGOCHE;AF;MZ
ANR;Antwerp;EU;BE
ANV;Anvik;N_A;US
ANX;Andenes;EU;NO
AOC;ALTENBURG-NOBITZ;EU;DE
AOE;Eskisehir;AS;TR
AOI;Ancona;EU;IT
AOK;Karpathos;EU;GR
AOQ;Aappilattoq;N_A;GL
AOS;Amook;N_A;US
AOT;AOSTA;EU;IT
APK;Apataki;OC;PF
APL;Nampula;AF;MZ
APW;ApiaFaleoloApt;OC;WS
AQI;Qaisumah;AS;SA
AQJ;Aqaba;AS;JO
ARC;ArcticVillage;N_A;US
ARK;Arusha;AF;TZ
ARW;Arad;EU;RO
ASA;ASSAB;AF;ER
ASD;AndrosTown;N_A;BS
ASI;ASCENSIONAUXABWIDEAWAKE;AF;SH
ASM;Asmara;AF;ER
ASO;Asosa;AF;ET
ASR;Kayseri;AS;TR
ASV;Amboseli;AF;KE
ASW;Aswan;AF;EG
ATB;ATBARA;AF;SD
ATC;Arthur'sTown;N_A;BS
ATD;Atoifi;OC;SB
ATH;Athens;EU;GR
ATK;Atqasuk;N_A;US
ATN;Namatanai;OC;PG
ATR;ATAR;AF;MR
ATZ;Asyut;AF;EG
AUF;AUXERRE/BRANCHES;EU;FR
AUH;AbuDhabiInternationalApt;AS;AE
AUK;Alakanuk;N_A;US
AUL;XXX;OC;MH
AUQ;HivaOa;OC;PF
AUR;Aurillac;EU;FR
AUY;Aneityum;OC;VU
AVB;AVIANO;EU;IT
AVI;CIEGODEAVILAMAXIMOGOMEZ;N_A;CU
AVN;AvignonCaumontAirport;EU;FR
AVR;ALVERCA-DGMFA;EU;PT
AVU;AvuAvu;OC;SB
AWB;Awaba;OC;PG
AWD;Aniwa;OC;VU
AWZ;Ahwaz;AS;IR
AXD;Alexandroupolis;EU;GR
AXK;Ataq;AS;YE
AXP;SpringPoint;N_A;BS
AXR;Arutua;OC;PF
AXU;Axum;AF;ET
AYT;Antalya;AS;TR
AZA;PhoenixWilliamsGatewayAirport;N_A;US
AZD;Yazd;AS;IR
AZI;AbuDhabiBateenApt;AS;AE
AZR;Adrar;AF;DZ
AZS;Samana;N_A;DO
BAH;Bahrain;AS;BH
BAL;Batman;AS;TR
BAS;Balalae;OC;SB
BAY;BaiaMare;EU;RO
BBH;BARTH;EU;DE
BBJ;BITBURG;EU;DE
BBK;Kasane;AF;BW
BBO;Berbera;AF;SO
BBS;BLACKBUSH;EU;GB
BBT;BERBERATI;AF;CF
BBU;BUCHAREST/BANEASA-AURELVLAICU;EU;RO
BCA;Baracoa;N_A;CU
BCL;BarradelColorado;N_A;CR
BCM;BACAU;EU;RO
BCN;BarcelonaApt;EU;ES
BCV;Belmopan;N_A;BZ
BCW;BengueraIsland;AF;MZ
BDH;BandarLengeh;AS;IR
BDM;BALIKESIR/BANDIRMA;AS;TR
BDS;Brindisi;EU;IT
BDT;GBADOLITE;AF;CD
BDU;Bardufoss;EU;NO
BEB;Benbecula;EU;GB
BEG;Belgrade;EU;RS
BEN;Benghazi;AF;LY
BES;Brest;EU;FR
BET;BethelMunicipalApt;N_A;US
BEV;BEERSHEBA-TEYMAN;AS;IL
BEW;Beira;AF;MZ
BEX;BENSON;EU;GB
BEY;Beirut;AS;LB
BFO;CHIREDZI/BUFFALORANGE;AF;ZW
BFQ;BahiaPina;N_A;PA
BFS;BelfastInternationalApt;EU;GB
BFX;BAFOUSSAM;AF;CM
BGC;BRAGANCA;EU;PT
BGF;Bangui;AF;CF
BGO;Bergen;EU;NO
BGU;BANGASSOU;AF;CF
BGY;MilanBergamo/OrioalSerioApt;EU;IT
BHD;BelfastGeorgeBestCityApt;EU;GB
BHE;Blenheim;OC;NZ
BHG;BrusLaguna;N_A;HN
BHH;Bisha;AS;SA
BHX;BirminghamAirport;EU;GB
BIA;Bastia;EU;FR
BIG;DELTAJUNCTION/FTGREELYALLEN;N_A;US
BII;BikiniAtoll;OC;MH
BIM;Bimini;N_A;BS
BIO;Bilbao;EU;ES
BIQ;Biarritz;EU;FR
BIV;BRIA;AF;CF
BJA;Bejaia;AF;DZ
BJB;Bojnurd;AS;IR
BJF;Batsfjord;EU;NO
BJL;Banjul;AF;GM
BJM;Bujumbura;AF;BI
BJR;BaharDar;AF;ET
BJT;BentotaRiver;AS;LK
BJV;BodrumMilasAirport;AS;TR
BJX;Leon/Guanajuato;N_A;MX
BJY;BEOGRAD/BATAJNICA;EU;RS
BJZ;Badajoz;EU;ES
BKC;Buckland;N_A;US
BKF;AURORA/BUCKLEYAFB;N_A;US
BKG;Branson;N_A;US
BKO;Bamako;AF;ML
BKY;Bukavu;AF;CD
BKZ;Bukoba;AF;TZ
BLB;BALBOA/HOWARDAFB;N_A;PA
BLJ;Batna;AF;DZ
BLK;Blackpool;EU;GB
BLL;Billund;EU;DK
BLQ;BolognaGuglielmoMarconi;EU;IT
BLZ;Blantyre;AF;MW
BMD;BelosurTsiribihina;AF;MG
BMK;Borkum;EU;DE
BMW;BordjMokhtar;AF;DZ
BMY;IleArt;OC;NC
BNB;Boende;AF;CD
BNC;Beni;AF;CD
BND;BandarAbbas;AS;IR
BNJ;BonnStn.(DE);EU;DE
BNN;Bronnoysund;EU;NO
BNX;BanjaLuka;EU;BA
BNY;Bellona;OC;SB
BOA;Boma;AF;CD
BOB;BoraBora;OC;PF
BOC;BocasdelToro;N_A;PA
BOD;BordeauxMerignacApt;EU;FR
BOH;Bournemouth;EU;GB
BOO;Bodo;EU;NO
BOP;BOUAR;AF;CF
BOT;Boset;OC;PG
BOU;BOURGES;EU;FR
BPF;Batuna;OC;SB
BPY;Besalampy;AF;MG
BQH;BIGGINHILL;EU;GB
BRE;Bremen;EU;DE
BRI;Bari;EU;IT
BRQ;Brno;EU;CZ
BRR;Barra;EU;GB
BRS;Bristol;EU;GB
BRU;BrusselsAirport;EU;BE
BRV;BREMERHAVEN;EU;DE
BRW;BarrowWileyPost/WillRogersMemorial;N_A;US
BSA;Bosaso;AF;SO
BSD;Baoshan;AS;CN
BSG;Bata;AF;GQ
BSK;Biskra;AF;DZ
BSL;Basel;EU;FR
BST;LashkarGah;AS;AF
BSZ;Bartletts;N_A;US
BTI;BarterIsland;N_A;US
BTS;Bratislava;EU;SK
BTT;Bettles;N_A;US
BTZ;BURSA/YENISEHIR;AS;TR
BUA;Buka;OC;PG
BUD;Budapest;EU;HU
BUG;BENGUELA;AF;AO
BUJ;BOU-SAADA;AF;DZ
BUL;Bulolo;OC;PG
BUO;Burao;AF;SO
BUQ;Bulawayo;AF;ZW
BUX;Bunia;AF;CD
BUZ;Bushehr;AS;IR
BVA;ParisBeauvais-TilleAirport;EU;FR
BVC;BoaVistaIsland;AF;CV
BVE;Brive-la-Gaillarde;EU;FR
BVG;Berlevag;EU;NO
BWE;BRAUNSCHWEIG-WOLFSBURG;EU;DE
BWW;CayolasBrujas;N_A;CU
BXE;BAKEL;AF;SN
BXR;Bam;AS;IR
BYF;Meaulte;EU;FR
BYH;BLYTHEVILLEARKANSASINTL;N_A;US
BYI;BURLEYMUNIAIRPORT;N_A;US
BYM;BAYAMO/BAYAMO;N_A;CU
BYR;L�s�;EU;DK
BZB;BazarutoIsland;AF;MZ
BZG;Bydgoszcz;EU;PL
BZI;BALIKESIR;AS;TR
BZN;Bozeman;N_A;US
BZO;Bolzano/Bozen;EU;IT
BZR;Beziers;EU;FR
BZV;Brazzaville;AF;CG
BZY;BALTIINTL;EU;MD
BZZ;BRIZENORTON;EU;GB
CAB;Cabinda;AF;AO
CAE;ColumbiaMetropolitanApt;N_A;US
CAG;Cagliari;EU;IT
CAI;Cairo;AF;EG
CAK;Akron/CantonOhioRegional;N_A;US
CAL;Campbeltown;EU;GB
CAO;CLAYTONMUNIARPKAIRPORT;N_A;US
CAP;CapHaitien;N_A;HT
CAR;CARIBOUMUNIAIRPORT;N_A;US
CAV;CAZOMBO;AF;AO
CAX;CARLISLE;EU;GB
CBG;CAMBRIDGE;EU;GB
CBH;Bechar;AF;DZ
CBJ;CABOROJO/PEDERNALES;N_A;DO
CBT;Catumbela;AF;AO
CBU;COTTBUS-DREWITZ;EU;DE
CCC;CayoCoco;N_A;CU
CCE;SAINTMARTIN/GRANDCASE;AF;EG
CCF;Carcassonne;EU;FR
CCN;Chaghcharan;AS;AF
CCV;CraigCove;OC;VU
CCZ;ChubCay;N_A;BS
CDB;ColdBay;N_A;US
CDC;CedarCity;N_A;US
CDG;ParisCharlesdeGaulleApt;EU;FR
CDH;CAMDENHARRELLFIELD;N_A;US
CDR;Chadron;N_A;US
CDS;CHILDRESS;N_A;US
CDV;CordovaMudholeSmithAirport;N_A;US
CDW;Caldwell;N_A;US
CEC;CrescentCity;N_A;US
CEF;CHICOPEE/WESTOVERARB;N_A;US
CEG;Chester;EU;GB
CEM;Central;N_A;US
CEN;CiudadObregon;N_A;MX
CEQ;CANNES/MANDELIEU;EU;FR
CER;CHERBOURG/MAUPERTUS;EU;FR
CET;CHOLET/LEPONTREAU;EU;FR
CEW;BOBSIKES;N_A;US
CEZ;Cortez;N_A;US
CFE;Clermont-Ferrand;EU;FR
CFF;GLENDON/GREATBEARLAKE;AF;AO
CFG;CIENFUEGOSJAIMEGONZALES;N_A;CU
CFK;Chlef;AF;DZ
CFN;Donegal;EU;IE
CFR;Caen;EU;FR
CFU;Kerkyra;EU;GR
CGA;Craig;N_A;US
CGI;CapeGirardeau;N_A;US
CGN;Cologne/BonnApt;EU;DE
CGY;CagayandeOro;AS;PH
CHA;ChattanoogaLovellFieldApt;N_A;US
CHC;Christchurch;OC;NZ
CHO;Charlottesville;N_A;US
CHQ;Chania;EU;GR
CHR;CHATEAUROUXDEOLS;EU;FR
CHS;Charleston;N_A;US
CHT;CHATHAMISLANDS;OC;NZ
CHU;Chuathbaluk;N_A;US
CHX;Changuinola;N_A;PA
CHY;ChoiseulBay;OC;SB
CIA;RomeCiampinoApt;EU;IT
CIC;Chico;N_A;US
CID;CedarRapids;N_A;US
CIG;CRAIG-MOFFATAIRPORT;N_A;US
CIK;Chalkyitsik;N_A;US
CIN;JACKSONJULIANCARROLL;N_A;US
CIP;Chipata;AF;ZM
CIS;CANTONISLAND;OC;KI
CIU;SaultSteMarieChippewaCountyApt;N_A;US
CIY;Comiso;EU;IT
CJS;CiudadJuarez;N_A;MX
CJT;COMITAN;N_A;MX
CKB;Clarksburg;N_A;US
CKD;CrookedCreek;N_A;US
CKT;SARAKHS;AS;IR
CKX;Chicken;N_A;US
CKY;Conakry;AF;GN
CKZ;Canakkale;AS;TR
CLD;SanDiegoMcClellan-PalomarArpt;N_A;US
CLE;ClevelandHopkinsInternationalApt;N_A;US
CLI;CLINTONVILLE;N_A;US
CLJ;Cluj-Napoca;EU;RO
CLL;CollegeStation;N_A;US
CLM;PortAngeles;N_A;US
CLP;ClarksPoint;N_A;US
CLQ;Colima;N_A;MX
CLT;Charlotte;N_A;US
CLY;Calvi;EU;FR
CME;CiudadDelCarmen;N_A;MX
CMF;CHAMBERY/AIX-LES-BAINS;EU;FR
CMH;ColumbusPortColumbusIntlApt;N_A;US
CMI;Champaign;N_A;US
CMK;ClubMakokola;AF;MW
CMN;CasablancaMohammedVApt;AF;MA
CMR;COLMAR/HOUSSEN;EU;FR
CMU;Kundiawa;OC;PG
CMW;Camaguey;N_A;CU
CMX;Hancock;N_A;US
CND;Constanta;EU;RO
CNG;COGNAC/CHATEAUBERNARD;EU;FR
CNK;CONCORDIA/BLOSSERMUNIAIRPORT;N_A;US
CNL;SINDAL;EU;DK
CNM;Carlsbad;N_A;US
CNP;NeerleritInaat;N_A;GL
CNU;CHANUTE;N_A;US
CNW;WACO;N_A;US
CNY;Moab;N_A;US
COD;Cody;N_A;US
COE;COEURDALENEAIRTERMINAL;N_A;US
COF;PATRICKAFB;N_A;US
COL;CollIsland;EU;GB
CON;CONCORD;N_A;US
COO;Cotonou;AF;BJ
COS;ColoradoSpringsPetersonField;N_A;US
COT;COTULLALASALLECO;N_A;US
COU;Columbia;N_A;US
COZ;CONSTANZA;N_A;DO
CPA;CapePalmas;AF;LR
CPE;Campeche;N_A;MX
CPH;CopenhagenKastrupApt;EU;DK
CPR;Casper;N_A;US
CQD;SHAHREKORD;AS;IR
CQF;CALAIS/DUNKERQUE;EU;FR
CQM;CiudadReal;EU;ES
CRA;Craiova;EU;RO
CRE;NORTHMYRTLEBEACH/GRAN.STRAND;N_A;US
CRI;CrookedIsland;N_A;BS
CRL;BrusselsS.CharleroiAirport;EU;BE
CRP;CorpusChristiInternationalApt;N_A;US
CRS;CARANSEBES;N_A;US
CRV;CROTONE;EU;IT
CRW;Charleston;N_A;US
CSA;Machrins;EU;GB
CSF;CREIL;EU;FR
CSG;ColumbusMetropolitanApt;N_A;US
CSK;CapSkiring;AF;SN
CSM;CLINTON-SHERMAN;N_A;US
CSO;COCHSTEDT/SCHNEIDLINGEN;EU;DE
CSV;CROSSVILLEMEMWHITSONFLD;N_A;US
CTA;Catania;EU;IT
CTB;CUTBANKMUNI;N_A;US
CTE;Carti;N_A;PA
CTM;Chetumal;N_A;MX
CTO;CALVERTON/NAVALWEAPONSINDUS.;N_A;US
CTT;LECASTELLET;EU;FR
CTY;CROSSCITY;N_A;US
CTZ;CLINTON/SAMPSON;N_A;US
CUF;Cuneo;EU;IT
CUK;CayeCaulker;N_A;BZ
CUL;Culiacan;N_A;MX
CUN;Cancun;N_A;MX
CUU;Chihuahua;N_A;MX
CVG;CincinnatiNorthernKentuckyIntlApt;N_A;US
CVJ;CUERNAVACA;N_A;MX
CVM;CiudadVictoria;N_A;MX
CVN;Clovis;N_A;US
CVS;CANNONAFB/CLOVIS;N_A;US
CVT;COVENTRY;EU;GB
CVU;CorvoIsland;EU;PT
CWA;WausauCentralWisconsinApt;N_A;US
CWF;LAKECHARLESCHENNAULTINTL;N_A;US
CWL;Cardiff;EU;GB
CXF;Coldfoot;N_A;US
CXH;VancouverCoalHarbourSPB;N_A;CA
CYB;CaymanBrac;N_A;KY
CYC;CayeChapel;N_A;BZ
CYF;Chefornak;N_A;US
CYO;CayoLargodelSur;N_A;CU
CYS;CheyenneMunicipalApt;N_A;US
CYW;Celaya;N_A;MX
CZA;CHICHENITZA;N_A;MX
CZF;CAPEROMANZOFLRRSAIRPORT;N_A;US
CZH;Corozal;N_A;BZ
CZJ;CorazonDeJesus;N_A;PA
CZL;Constantine;AF;DZ
CZM;Cozumel;N_A;MX
CZN;Chisana;N_A;US
CZW;CZESTOCHOWARUDNIKI;EU;PL
DAB;DaytonaBeach;N_A;US
DAG;BARSTOWDAGGETT;N_A;US
DAK;DAKHLA;AF;EG
DAL;Dallas/FortWorthLoveField;N_A;US
DAM;Damascus;AS;SY
DAN;DANVILLEREGIONAL;N_A;US
DAR;DaresSalaam;AF;TZ
DAU;Daru;OC;PG
DAV;David;N_A;PA
DAY;DaytonIntlApt;N_A;US
DBB;ALALAMAIN;AF;EG
DBQ;Dubuque;N_A;US
DBU;Dambula;AS;LK
DCA;WashingtonRonaldReaganNationalApt;N_A;US
DCI;DECIMOMANNU;EU;IT
DCM;Castres;EU;FR
DDC;DodgeCity;N_A;US
DDG;Dandong;AS;CN
DEB;Debrecen;EU;HU
DEC;Decatur;N_A;US
DEF;Dezful;AS;IR
DEN;DenverIntlApt;N_A;US
DET;DETROITCOLEMANA.YOUNGMUNI;N_A;US
DEZ;DEIRZZOR;AS;SY
DFW;Dallas/FortWorthIntlApt;N_A;US
DGA;Dangriga;N_A;BZ
DGO;Durango;N_A;MX
DHA;KINGABDULAZIZAIRBASEDHARAN;AS;SA
DHF;ALDHAFRA;AS;AE
DHN;Dothan;N_A;US
DHR;DENHELDER/DEKOOY;EU;NL
DHT;DALHARTMUNI;N_A;US
DIE;Antsiranana;AF;MG
DIJ;Dijon;EU;FR
DIK;Dickinson;N_A;US
DIR;DireDawa;AF;ET
DIY;Diyarbakir;AS;TR
DJE;Djerba;AF;TN
DJG;Djanet;AF;DZ
DKR;Dakar;AF;SN
DLA;Douala;AF;CM
DLE;Dole;EU;FR
DLF;LAUGHLINAFB/AIRPORT;N_A;US
DLG;Dillingham;N_A;US
DLH;DuluthInternationalApt;N_A;US
DLM;Dalaman;AS;TR
DLS;COLUMBIAGORGERGNL/DALLESMUN;N_A;US
DLY;DillonsBay;OC;VU
DMA;DAVISMONTHANAFB;N_A;US
DMM;Dammam;AS;SA
DMN;DEMINGMUNIAIRPORT;N_A;US
DND;Dundee;EU;GB
DNR;Dinard/St-Malo;EU;FR
DNV;DANVILLE/VERMILIONCOUNTYAPT;N_A;US
DNX;DINDER/GALEGU;AF;SD
DNZ;Denizli;AS;TR
DOD;DODOMA;AF;TZ
DOG;DONGOLA;AF;SD
DOH;Doha;AS;QA
DOL;Deauville;EU;FR
DOV;DOVERAFB;N_A;US
DOY;Dongying;AS;CN
DPA;CHICAGO-DUPAGE;N_A;US
DQA;Daqing;AS;CN
DRA;MERCURYDESERTROCK;N_A;US
DRG;Deering;N_A;US
DRK;DrakeBay;N_A;CR
DRO;DurangoLaPlataApt;N_A;US
DRS;Dresden;EU;DE
DRT;DELRIOINTL;N_A;US
DSA;Doncaster/Sheffield;EU;GB
DSM;DesMoines;N_A;US
DTM;Dortmund;EU;DE
DTW;DetroitWayneCounty;N_A;US
DUB;Dublin;EU;IE
DUC;HALLIBURTONFLD;N_A;US
DUD;Dunedin;OC;NZ
DUG;DOUGLAS/BISBEE-DOUGLAS;N_A;US
DUJ;Dubois;N_A;US
DUS;DuesseldorfInternationalAirport;EU;DE
DUT;DutchHarbor;N_A;US
DVD;Andavadoaka;AF;MG
DVK;DIAVIKDIAMONDMINE;N_A;CA
DVL;DEVILSLAKEMUNI;N_A;US
DWB;Soalala;AF;MG
DWC;DubaiAlMaktoumIntl;AS;AE
DWD;Dawadmi;AS;SA
DXB;DubaiInternational;AS;AE
DYS;DYESSAFB;N_A;US
DZA;Dzaoudzi;AF;YT
EAA;Eagle;N_A;US
EAE;Emae;OC;VU
EAL;KwajaleinAtollMH;OC;MH
EAM;Nejran;AS;SA
EAR;Kearney;N_A;US
EAS;SanSebastian;EU;ES
EAT;Wenatchee;N_A;US
EAU;EauClaire;N_A;US
EBA;ElbaIsland;EU;IT
EBB;Entebbe;AF;UG
EBD;ElObeid;AF;SD
EBH;ElBayadh;AF;DZ
EBJ;EsbjergAirport;EU;DK
EBM;ELBORMA;AF;TN
EBO;XXX;OC;MH
EBU;St-Etienne;EU;FR
ECG;ELISABETHCITYCGAS;N_A;US
ECP;PanamaCityNWFloridaBeachesIntl;N_A;US
EDA;EdnaBay;N_A;US
EDB;DEBBA;AF;SD
EDF;ANCHORAGEELMENDORFAFB;N_A;US
EDI;Edinburgh;EU;GB
EDL;Eldoret;AF;KE
EDM;LAROCHESURYON/LESAJONCS;EU;FR
EDO;Edremit;AS;TR
EDW;EDWARDSAFB;N_A;US
EED;NEEDLES;N_A;US
EEK;Eek;N_A;US
EFD;HOUSTON/ELLINGTONFIELD;N_A;US
EFG;Efogi;OC;PG
EFL;Kefallinia;EU;GR
EGC;Bergerac;EU;FR
EGE;Vail/EagleCountyApt;N_A;US
EGM;Seghe;OC;SB
EGN;Geneina;AF;SD
EGS;Egilsstadir;EU;IS
EGV;EagleRiver;N_A;US
EGX;Egegik;N_A;US
EHM;CAPENEWENHAM;N_A;US
EIL;EIELSONAFB/FAIRBANKS;N_A;US
EIN;EindhovenAirport;EU;NL
EJH;Wedjh;AS;SA
EJT;XXX;OC;MH
EKA;EUREKA;N_A;US
EKI;ELKHART;N_A;US
EKN;ELKINS;N_A;US
EKO;Elko;N_A;US
ELD;ElDorado;N_A;US
ELF;ElFasher;AF;SD
ELG;ElGolea;AF;DZ
ELH;NorthEleuthera;N_A;BS
ELI;Elim;N_A;US
ELM;Elmira/Corning;N_A;US
ELP;ElPasoInternationalApt;N_A;US
ELQ;Gassim;AS;SA
ELT;ELTOR;AS;EG
ELU;ElOued;AF;DZ
ELV;ElfinCove;N_A;US
ELY;ELYAIRPORTYELLANDFIELD;N_A;US
EMA;NottinghamEastMidlandsAirport;EU;GB
EME;EMDEN;EU;DE
EMK;Emmonak;N_A;US
EML;EMMEN;EU;CH
EMP;EMPORIAMUNI;N_A;US
ENA;Kenai;N_A;US
ENC;NANCY/ESSEY;EU;FR
ENF;ENONTEKIO;EU;FI
ENI;ElNido;AS;PH
ENK;ENNISKILLEN/STANGELO;EU;GB
ENL;CENTRALIAMUNI;N_A;US
ENN;NENANA;N_A;US
ENS;ENSCHEDE/TWENTHE;EU;NL
ENV;WENDOVER;N_A;US
EOI;Eday;EU;GB
EPH;EPHRATAMUNI;N_A;US
EPL;EPINAL/MIRECOURT;EU;FR
EPU;P�rnu;EU;EE
ERC;Erzincan;AS;TR
ERF;Erfurt;EU;DE
ERH;ERRACHIDIAMOULAYALICHERIF;AF;MA
ERI;Erie;N_A;US
ERS;WindhoekErosApt;AF;N_A
ERZ;Erzurum;AS;TR
ESB;AnkaraEsenbogaApt;AS;TR
ESC;Escanaba;N_A;US
ESD;Eastsound;N_A;US
ESE;ENSENADA;N_A;MX
ESF;ALEXANDRIAESLERREGIONAL;N_A;US
ESH;SHOREHAM;EU;GB
ESK;ESKISEHIR;AS;TR
ESS;Essendon;EU;DE
ETH;Eilat;AS;IL
ETZ;Metz/NancyLorraine;EU;FR
EUA;Eua;OC;TO
EUG;Eugene;N_A;US
EUN;Laayoune;AF;EH
EVE;Harstad-Narvik;EU;NO
EVV;Evansville;N_A;US
EVX;EVREUX/FAUVILLE;EU;FR
EWB;NewBedford;N_A;US
EWN;NewBern;N_A;US
EWR;NewYorkNewarkLibertyInternationalApt;N_A;US
EXT;Exeter;EU;GB
EYW;KeyWestInternationalApt;N_A;US
EZS;Elazig;AS;TR
FAA;FARANAH;AF;GN
FAB;FARNBOROUGH;EU;GB
FAC;Faaite;OC;PF
FAE;FaroeIslands;EU;FO
FAH;Farah;AS;AF
FAI;FairbanksInternationalApt;N_A;US
FAK;FAKARAVA;N_A;US
FAN;FARSUND/LISTA;EU;NO
FAO;Faro;EU;PT
FAR;Fargo;N_A;US
FAT;FresnoYosemiteInternationalAirport;N_A;US
FAV;Fakarava;OC;PF
FAY;FayettevilleMunicipalApt;N_A;US
FBD;Faizabad;AS;AF
FBK;FAIRBANKS/FORTWAINWRIGHTAAF;N_A;US
FBM;Lubumbashi;AF;CD
FCA;Kalispell;N_A;US
FCO;RomeFiumicinoApt;EU;IT
FCS;BUTTSARMYAFLDFTCARSON;N_A;US
FDE;Forde;EU;NO
FDH;Friedrichshafen;EU;DE
FDK;FREDERICKMUNI;N_A;US
FDY;FINDLAY;N_A;US
FEP;FREEPORTALBERTUS;N_A;US
FEZ;Fes;AF;MA
FFD;FAIRFORD(RAF);EU;GB
FGD;FDERIK;AF;MR
FGU;Fangatau;OC;PF
FHU;FORTHUACHUCA/SIERRAVISTA;N_A;US
FHZ;Fakahina;OC;PF
FIH;KinshasaN'DjiliIntlApt;AF;CD
FJR;Fujairah;AS;AE
FKB;Karlsruhe/Baden-BadenBadenAirpark;EU;DE
FKI;Kisangani;AF;CD
FKL;FranklinChessLambertonApt;N_A;US
FLG;GrandCanyonPulliamFieldAirport;N_A;US
FLL;FortLauderdale/HollywoodIntlApt;N_A;US
FLO;Florence;N_A;US
FLR;FlorenceAmerigoVespucci;EU;IT
FLV;FTLEAVENWORTHSHERMANAAF;N_A;US
FLW;FloresIsland;EU;PT
FMH;FALMOUTH/OTISAFB;N_A;US
FMI;Kalemie;AF;CD
FMM;Memmingen;EU;DE
FMN;Farmington;N_A;US
FMO;Muenster/Osnabrueck;EU;DE
FMY;FTMYERSPAGEFLD;N_A;US
FNA;FreetownLungiInternationalApt;AF;SL
FNB;NEUBRANDENBURG;EU;DE
FNC;Funchal;EU;PT
FNE;Fane;OC;PG
FNI;Nimes;EU;FR
FNL;FortCollins/Loveland;N_A;US
FNT;Flint;N_A;US
FOD;FortDodge;N_A;US
FOE;TopekaForbesAFB;N_A;US
FOG;Foggia;EU;IT
FOM;FOUMBAN;AF;CM
FON;Fortuna;N_A;CR
FPO;Freeport;N_A;BS
FPR;FTPIERCESTLUCIECOINTL;N_A;US
FRA;FrankfurtInternationalApt;EU;DE
FRD;FridayHarbor;N_A;US
FRE;FeraIsland;OC;SB
FRG;FARMINGDALE/REPUBLIC;N_A;US
FRL;FORLI;EU;IT
FRO;Floro;EU;NO
FRS;Flores;N_A;GT
FRW;Francistown;AF;BW
FSC;Figari;EU;FR
FSD;SiouxFalls;N_A;US
FSK;FORTSCOTTMUNI;N_A;US
FSM;FortSmith;N_A;US
FSP;StPierre;N_A;PM
FSS;KINLOSS;EU;GB
FTA;FutunaIsland;OC;VU
FTK;GODMANAAF(FT.KNOX);N_A;US
FTU;Tolanaro;AF;MG
FTW;FORTWORTH/MEACHAMINTL;N_A;US
FTY;ATLANTA/FULTONCOUNTY;N_A;US
FUE;Fuerteventura;EU;ES
FUN;Funafuti;OC;TV
FUO;Foshan;AS;CN
FWA;FortWayneBaerField;N_A;US
FWH;CARSWELLAFB;N_A;US
FXE;FORTLAUDERDALEEXECUTIVE;N_A;US
FYT;FAYALARGEAU;AF;TD
FYU;FortYukon;N_A;US
FYV;FAYETTEVILLEDRAKEFLD;N_A;US
FZO;BRISTOL/FILTON;EU;GB
GAD;NEALABAMARGNLAIRPORT;N_A;US
GAE;Gabes;AF;TN
GAF;Gafsa;AF;TN
GAL;Galena;N_A;US
GAM;Gambell;N_A;US
GAO;GuantanamoBayNS;N_A;CU
GAQ;GAO;AF;ML
GAX;Gamba;AF;GA
GBD;GreatBend;N_A;US
GBE;Gaborone;AF;BW
GBT;Gorgan;AS;IR
GCC;Gillette;N_A;US
GCH;Gachsaran;AS;IR
GCI;Guernsey;EU;GG
GCK;GardenCity;N_A;US
GCM;GrandCayman;N_A;KY
GCN;GrandCanyonNationalParkApt;N_A;US
GCW;GrandCanyonWest;N_A;US
GDE;Gode;AF;ET
GDL;Guadalajara;N_A;MX
GDN;Gdansk;EU;PL
GDQ;Gonder;AF;ET
GDT;GrandTurk;N_A;TC
GDV;Glendive;N_A;US
GEA;NoumeaMagentaApt;OC;NC
GEG;SpokaneInternationalApt;N_A;US
GER;NUEVAGERONA;N_A;CU
GEY;SOUTHBIGHORNCO.;N_A;US
GFA;GREATFALLS/MALMSTROMAFHP;N_A;US
GFK;GrandForks;N_A;US
GFL;GLENSFALLSFLOYDBENNETTMEML;N_A;US
GFY;GROOTFONTEIN;AF;N_A
GGG;Longview;N_A;US
GGM;Kakamega;AF;KE
GGT;GeorgeTown;N_A;BS
GGW;Glasgow;N_A;US
GHA;Ghardaia;AF;DZ
GHB;GovernorsHarbour;N_A;BS
GHC;BullockHarbour;N_A;BS
GHE;Garachine;N_A;PA
GHF;GIEBELSTADTAAF;EU;DE
GHT;Ghat;AF;LY
GIB;Gibraltar;EU;GI
GII;SIGUIR;AF;GN
GIS;Gisborne;OC;NZ
GIZ;Jazan;AS;SA
GJA;Guanaja;N_A;HN
GJL;JIJEL/FERHATABBAS;AF;DZ
GJT;GrandJunction;N_A;US
GKA;Goroka;OC;PG
GKN;GULKANA;N_A;US
GLA;GlasgowInternationalAirport;EU;GB
GLD;GOODLANDRENNERFLD(GOD.MUNI);N_A;US
GLE;GAINESVILLEMUNI;N_A;US
GLF;Golfito;N_A;CR
GLH;Greenville;N_A;US
GLK;Galcaio;AF;SO
GLN;Guelmime;AF;MA
GLO;Gloucester/Cheltenham;EU;GB
GLS;GALVESTONINTL-SCHOLESFLD;N_A;US
GLV;Golovin;N_A;US
GLZ;BREDA/GILZE-RIJEN;EU;NL
GMA;Gemena;AF;CD
GMB;Gambela;AF;ET
GMI;GasmataIsland;OC;PG
GMN;GREYMOUTH;OC;NZ
GMO;Gombe;AF;NG
GMR;Totegegie;OC;PF
GMU;GREENVILLEDOWNTOWN;N_A;US
GMZ;SanSebastian/Gomera;EU;ES
GNB;GRENOBLESTGEOIRS;EU;FR
GNE;GHANZI;EU;BE
GNT;GRANTS-MILANMUNI;N_A;US
GNU;GoodnewsBay;N_A;US
GNV;Gainesville;N_A;US
GNY;Sanliurfa;AS;TR
GOA;Genoa;EU;IT
GOH;Nuuk;N_A;GL
GOM;Goma;AF;CD
GON;GROTON/NEWLONDON;N_A;US
GOU;Garoua;AF;CM
GPA;Patrai;EU;GR
GPT;Gulfport/Biloxi;N_A;US
GPZ;GRANDRAPIDS/ITASCACONEWSTRO;N_A;US
GRB;GreenBay;N_A;US
GRF;GRAYAAFAIRPORTFTLEWIS;N_A;US
GRI;GrandIsland;N_A;US
GRK;KilleenGrayAAF;N_A;US
GRO;Girona;EU;ES
GRQ;Groningen;EU;NL
GRR;GrandRapids;N_A;US
GRS;GROSSETO;EU;IT
GRW;GraciosaIsland;EU;PT
GRX;Granada;EU;ES
GRY;GRIMSEY;EU;IS
GRZ;Graz;EU;AT
GSB;GOLDSBORO/SEYMOURJOHNSONAFB;N_A;US
GSM;GheshmIsland;AS;IR
GSO;Greensboro/HighPoint;N_A;US
GSP;Greenville/SpartanburgApt;N_A;US
GSQ;SHARKEL-OWINAT;AF;EG
GST;GustavusApt;N_A;US
GSU;GEDAREF;AF;SD
GTB;WHEELERSACKAAF;AS;MY
GTF;GreatFallsInternationalApt;N_A;US
GTR;ColumbusGoldenTriangleRegionalApt;N_A;US
GTZ;Grumeti;AF;TZ
GUA;GuatemalaCity;N_A;GT
GUC;Gunnison;N_A;US
GUM;GuamAntonioBWonPatInternational;OC;GU
GUP;GALLUPMUNI;N_A;US
GUR;Alotau;OC;PG
GUY;GUYMONMUNI;N_A;US
GVA;Geneva;EU;CH
GVE;GORDONSVILLEMUNI;N_A;US
GVT;GREENVILLEMAJORS;N_A;US
GWE;GWERU/THORNHILL;AF;ZW
GWO;GREENWOOD/LEFLORE;N_A;US
GWT;Westerland;EU;DE
GWY;GALWAY;EU;IE
GXF;Sayun;AS;YE
GXG;NEGAGE;AF;AO
GYI;Gisenyi;AF;RW
GYM;GUAYMAS;N_A;MX
GYR;PHOENIXGOODYEAR;N_A;US
GYY;GARY/CHICAGOINTL;N_A;US
GZA;GAZAINTL;AS;PS
GZO;Gizo;OC;SB
GZP;Gazipasa;AS;TR
GZT;Gaziantep;AS;TR
HAA;Hasvik;EU;NO
HAE;SupaiVillage;N_A;US
HAH;MoroniPrinceSaidIbrahim;AF;KM
HAJ;Hannover;EU;DE
HAM;HamburgAirport;EU;DE
HAS;Hail;AS;SA
HAU;Haugesund;EU;NO
HAV;Havana;N_A;CU
HAW;HAVERFORDWEST;EU;GB
HBE;AlexandriaBorgelArab;AF;EG
HBR;HOBART;N_A;US
HCR;HolyCross;N_A;US
HDF;Heringsdorf;EU;DE
HDM;Hamadan;AS;IR
HDN;Hayden;N_A;US
HEA;Herat;AS;AF
HEI;Heide-B�sum;EU;DE
HEL;Helsinki-Vantaa;EU;FI
HEM;HELSINKI/MALMI;EU;FI
HER;Irakleion;EU;GR
HEW;ATHENS/CENTRAL;EU;GR
HEZ;HARDY-ANDERSFLD/NATCHEZ-ADAMS;N_A;US
HFA;Haifa;AS;IL
HFD;HARTFORDBRAINARD;N_A;US
HFN;HOFN/HORNAFFJOROUR;EU;IS
HFT;Hammerfest;EU;NO
HGA;Hargeisa;AF;SO
HGL;HELGOLAND-DUENE;EU;DE
HGR;Hagerstown;N_A;US
HGU;MountHagen;OC;PG
HHH;HiltonHeadIsland;N_A;US
HHN;FrankfurtHahnAirport;EU;DE
HHR;NORTHROP/HAWTHORNEMUNICIPAL;N_A;US
HHZ;Hikueru;OC;PF
HIA;Huai'an;AS;CN
HIB;Hibbing/Chisholm;N_A;US
HIF;OGDEN/HILLAFB;N_A;US
HIL;Shilabo;AF;ET
HIO;PORTLAND/HILLSBORO;N_A;US
HIR;Honiara;OC;SB
HIS;HaymanIsland;OC;AU
HKB;HealyLake;N_A;US
HKK;Hokitika;OC;NZ
HKN;Hoskins;OC;PG
HKY;HICKORYREGIONAL;N_A;US
HLC;HILLCITYMUNI;N_A;US
HLG;WHEELINGOHIOCO;N_A;US
HLN;Helena;N_A;US
HLU;HOUAILOU-NESSON;OC;NC
HLZ;Hamilton;OC;NZ
HMB;Sohag;AF;EG
HME;HassiMessaoud;AF;DZ
HMN;HOLLOMANAFB;N_A;US
HMO;Hermosillo;N_A;MX
HNH;Hoonah;N_A;US
HNL;HonoluluInternationalApt;N_A;US
HNM;Hana;N_A;US
HNS;Haines;N_A;US
HOB;HobbsLeaCountyApt;N_A;US
HOD;Hodeidah;AS;YE
HOF;Hofuf;AS;SA
HOG;Holguin;N_A;CU
HOH;HOHENEMS/DORNBIRN;EU;AT
HOI;Hao;OC;PF
HOM;Homer;N_A;US
HON;Huron;N_A;US
HOP;CAMPBELLAAF(FTCAMPBELL);N_A;US
HOQ;HOF-PLAUEN;EU;DE
HOR;Horta;EU;PT
HOT;HotSprings;N_A;US
HOU;HoustonHobbyApt;N_A;US
HOV;Orsta/Volda;EU;NO
HPA;HAAPAI;OC;TO
HPB;HooperBay;N_A;US
HPN;WestchesterCounty;N_A;US
HQM;HOQUIAM/BOWERMAN;N_A;US
HRE;Harare;AF;ZW
HRG;Hurghada;AF;EG
HRL;Harlingen;N_A;US
HRM;HassiR'mel;AF;DZ
HRO;Harrison;N_A;US
HSB;HARRISBURG-RALEIGH;N_A;US
HSI;HASTINGSMUNI;N_A;US
HSK;Huesca;EU;ES
HSL;Huslia;N_A;US
HST;HOMESTEAD;N_A;US
HSV;HuntsvilleInternationalAirport;N_A;US
HTL;HOUGHTONLAKEROSCOMMONCO;N_A;US
HTM;Khatgal;AS;MN
HTS;Huntington;N_A;US
HTY;Hatay;AS;TR
HUA;REDSTONEAAF(REDSTONEARSENAL);N_A;US
HUE;Humera;AF;ET
HUF;TERREHAUTEINTL-HULMANFLD;N_A;US
HUH;Huahine;OC;PF
HUL;HOULTON;N_A;US
HUQ;Houn;AF;LY
HUS;Hughes;N_A;US
HUT;HUTCHINSONMUNI-BUTLERFLDARP;N_A;US
HUX;Huatulco;N_A;MX
HUY;Humberside;EU;GB
HVA;Analalava;AF;MG
HVG;Honningsvag;EU;NO
HVN;NewHaven;N_A;US
HVR;Havre;N_A;US
HWD;HAYWARDEXECUTIVE;N_A;US
HWN;HWANGENATIONALPARK;AF;ZW
HYA;Hyannis;N_A;US
HYG;Hydaburg;N_A;US
HYL;Hollis;N_A;US
HYS;HAYSREGIONAL;N_A;US
HZB;MERVILLE/CALONNE;EU;FR
HZK;HUSAVIK;EU;IS
IAB;MCCONNELLAFB;N_A;US
IAD;WashingtonDullesInternationalApt;N_A;US
IAG;NiagaraFalls;N_A;US
IAH;HoustonGeorgeBushIntercontinentalAp;N_A;US
IAM;InAmenas;AF;DZ
IAN;Kiana;N_A;US
IAS;Iasi;EU;RO
IBL;IndigoBayLodge;AF;MZ
IBZ;Ibiza;EU;ES
ICI;CiciaIsland;OC;FJ
ICR;NICARO;N_A;CU
ICT;WichitaMid-ContinentApt;N_A;US
IDA;IdahoFalls;N_A;US
IEG;ZIELONAGORA/BABIMOST;EU;PL
IFJ;Isafjordur;EU;IS
IFN;Esfahan;AS;IR
IFP;LAUGHLINBULLHEADINTL;N_A;US
IGA;Inagua;N_A;BS
IGG;Igiugig;N_A;US
IGL;IZMIR/CIGLI;AS;TR
IGM;Kingman;N_A;US
IHR;IranShahr;AS;IR
IIA;INISHMAAN;EU;IE
IIL;Ilam;AS;IR
IIS;NissanIsland;OC;PG
IKA;TehranImamKhomeiniInternationalApt;AS;IR
IKK;KANKAKEEGREATERKANKAKEE;N_A;US
IKO;Nikolski;N_A;US
ILD;Lleida;EU;ES
ILF;ILFORD;N_A;CA
ILG;WilmingtonGreaterWilmingtonApt;N_A;US
ILI;Iliamna;N_A;US
ILM;Wilmington;N_A;US
ILN;WILMINGTONAIRBORNEPARK;N_A;US
ILP;IledesPins;OC;NC
ILY;Islay;EU;GB
ILZ;ZILINA;EU;SK
IML;IMPERIALMUNI;N_A;US
IMO;OWERRI;AF;CF
IMT;IronMountain;N_A;US
INB;Independence;N_A;BZ
INC;Yinchuan;AS;CN
IND;Indianapolis;N_A;US
INE;AGADIR/INEZGANE;AF;MZ
INF;INGUEZZAM;AF;DZ
INH;Inhambane;AF;MZ
INI;NIS;EU;RS
INK;WINKLERCO;N_A;US
INL;InternationalFalls;N_A;US
INN;Innsbruck;EU;AT
INT;WINSTONSALEMSMITHREYNOLDS;N_A;US
INU;NauruIsland;OC;NR
INV;Inverness;EU;GB
INW;WINSLOW;N_A;US
INZ;InSalah;AF;DZ
IOA;Ioannina;EU;GR
IOM;IsleOfMan;EU;IM
ION;Impfondo;AF;CG
IOQ;Isortoq;N_A;GL
IPA;Ipota;OC;VU
IPL;ImperialCountyApt;N_A;US
IPT;Williamsport;N_A;US
IRA;Kirakira;OC;SB
IRC;Circle;N_A;US
IRI;Iringa;AF;TZ
IRK;Kirksville;N_A;US
IRN;NOSHAHR;N_A;HN
IRO;BIRAO;AF;CF
IRP;Isiro;AF;CD
ISC;IslesofScillyStMary'sApt;EU;GB
ISE;Isparta;AS;TR
ISM;KISSIMMEEGATEWAYA/PORLANDO;N_A;US
ISN;Williston;N_A;US
ISO;KINGSTONRGNLJETPORT;N_A;US
ISP;LongIslandMacArthur;N_A;US
IST;IstanbulAtaturkAirport;AS;TR
ITH;Ithaca;N_A;US
ITO;Hilo;N_A;US
IUE;Niue;OC;NU
IUI;Innarsuit;N_A;GL
IVC;Invercargill;OC;NZ
IVL;Ivalo;EU;FI
IWD;Ironwood;N_A;US
IYK;Inyokern;N_A;US
JAA;JALALABAD;AS;AF
JAC;Jackson;N_A;US
JAL;Jalapa;N_A;MX
JAN;Jackson-EversInternationalAirport;N_A;US
JAQ;JacquinotBay;OC;PG
JAV;Ilulissat;N_A;GL
JAX;JacksonvilleInternationalApt;N_A;US
JBQ;SantoDomingoDr.JBalaguer;N_A;DO
JBR;Jonesboro;N_A;US
JCH;Qasigiannguit;N_A;GL
JCT;JUNCTIONKIMBLECO;N_A;US
JCU;Ceuta;EU;ES
JDN;JORDAN;N_A;US
JED;Jeddah;AS;SA
JEG;Aasiaat;N_A;GL
JEJ;Jeh;OC;MH
JER;Jersey;EU;JE
JFK;NewYorkJFKennedyInternationalApt;N_A;US
JFR;Paamiut;N_A;GL
JGD;Jiagedaqi;AS;CN
JGO;Qeqertarsuaq;N_A;GL
JGS;Ji'an;AS;CN
JHM;Kapalua;N_A;US
JHS;Sisimiut;N_A;GL
JHW;Jamestown;N_A;US
JIB;Djibouti;AF;DJ
JIC;Jinchang;AS;CN
JIJ;Jijiga;AF;ET
JIK;IkariaIsland;EU;GR
JIM;Jimma;AF;ET
JIN;JINJA;AF;UG
JIQ;Qianjiang;AS;CN
JJM;Meru-Kiina;AF;KE
JJU;Qaqortoq;N_A;GL
JKH;Chios;EU;GR
JKL;KalymnosIsland;EU;GR
JLN;Joplin;N_A;US
JMK;Mykonos;EU;GR
JMS;JAMESTOWNREGIONAL;N_A;US
JNB;JohannesburgO.R.TamboInternational;AF;ZA
JNN;Nanortalik;N_A;GL
JNS;Narsaq;N_A;GL
JNU;Juneau;N_A;US
JNX;NaxosIs;EU;GR
JOE;Joensuu;EU;FI
JOM;Njombe;AF;TZ
JOT;JOLIETREGIONAL;N_A;US
JQA;Qaarsut;N_A;GL
JQE;Jaque;N_A;PA
JRB;NewYork;N_A;US
JRF;KAPOLEI/KALAELOA/JOHNROGERS;N_A;US
JRO;Kilimanjaro;AF;TZ
JRS;JERUSALEM;AS;PS
JSH;Siteia;EU;GR
JSI;Skiathos;EU;GR
JST;Johnstown;N_A;US
JSU;Maniitsoq;N_A;GL
JSY;SyrosIsland;EU;GR
JTR;Thira;EU;GR
JTY;AstypalaiaIsland;EU;GR
JUB;Juba;AF;SS
JUH;Chizhou;AS;CN
JUI;Juist;EU;DE
JUK;Ukkusissat;N_A;GL
JUV;Upernavik;N_A;GL
JVA;Ankavandra;AF;MG
JWA;JWANENG;AF;BW
JWN;ZANJAN2;AS;IR
JXN;JACKSON/REYNOLDSFLD;N_A;US
JYR;Jiroft;AS;IR
JYV;Jyvaskyla;EU;FI
KAA;Kasama;AF;ZM
KAB;KARIBA;AF;ZW
KAC;KAMISHLY;AS;SY
KAJ;Kajaani;EU;FI
KAL;Kaltag;N_A;US
KAO;Kuusamo;EU;FI
KAT;Kaitaia;OC;NZ
KAU;KAUHAVA;EU;FI
KBL;Kabul;AS;AF
KBT;XXX;OC;MH
KCC;CoffmanCove;N_A;US
KCG;ChignikFisheriesApt;N_A;US
KCL;ChignikLagoonApt;N_A;US
KCM;Kahramanmaras;AS;TR
KCO;Kocaeli;AS;TR
KCQ;ChignikLakeApt;N_A;US
KCU;MASINDI;AF;UG
KCZ;Kochi;AS;JP
KDC;KANDI;AF;BJ
KDH;Kandahar;AS;AF
KDL;Kardla;EU;EE
KDR;Kandrian;OC;PG
KDV;KadavuIsland;OC;FJ
KDZ;KandyPolgollaReservoirSPB;AS;LK
KEB;Nanwalek;N_A;US
KED;KAEDI;AF;MR
KEF;ReykjavikKeflavikInternationalApt;EU;IS
KEK;Ekwok;N_A;US
KEL;KIEL-HOLTENAU;EU;DE
KEM;Kemi/Tornio;EU;FI
KER;Kerman;AS;IR
KEV;HALLI;EU;FI
KFA;KIFFA;AF;MR
KFP;FalsePass;N_A;US
KFS;Kastamonu;AS;TR
KGA;Kananga;AF;CD
KGE;KagauIsland;OC;SB
KGG;KEDOUGOU;AF;SN
KGJ;KARONGA;AF;MW
KGK;Koliganek;N_A;US
KGL;Kigali;AF;RW
KGQ;Kangersuatsiaq;N_A;GL
KGS;Kos;EU;GR
KGW;Kagi;OC;PG
KGX;Grayling;N_A;US
KHD;Khorramabad;AS;IR
KHJ;KAUHAJOKI;EU;FI
KHK;KHARKISLAND;AS;IR
KHQ;Kullorsuaq;N_A;GL
KHY;Khoy;AS;IR
KHZ;Kauehi;OC;PF
KIA;KIETA;OC;PG
KIF;KingfisherLake;N_A;CA
KIH;KishIsland;AS;IR
KIN;NormanManleyIntl;N_A;JM
KIR;Kerry;EU;IE
KIS;Kisumu;AF;KE
KIT;Kythira;EU;GR
KIV;Chisinau;EU;MD
KIW;SOUTHDOWNSKITWE;AF;ZM
KJK;KORTRIJK/WEVELGEM;EU;BE
KKA;Koyuk;N_A;US
KKB;KitoiBay;N_A;US
KKD;Kokoda;OC;PG
KKE;Kerikeri;OC;NZ
KKH;Kongiganak;N_A;US
KKN;Kirkenes;EU;NO
KKR;Kaukura;OC;PF
KKU;Ekuk;N_A;US
KKW;KIKWIT;AF;CD
KLC;KAOLACK;AF;SN
KLG;Kalskag;N_A;US
KLL;Levelock;N_A;US
KLM;Kalaleh;AS;IR
KLN;LarsenBay;N_A;US
KLU;Klagenfurt;EU;AT
KLV;KarlovyVary;EU;CZ
KLW;Klawock;N_A;US
KLX;Kalamata;EU;GR
KMA;Kerema;OC;PG
KMC;KINGKHALEDMILCITY;AS;SA
KME;Cyangugu;AF;RW
KMN;KAMINA;AF;CD
KMO;Manokotak;N_A;US
KMP;KEETMANSHOOP;AF;N_A
KMU;Kisimayu;AF;SO
KMX;KHAMISMUSHAIT/KINGKHALEDAB;AS;SA
KND;Kindu;AF;CD
KNF;MARHAM;EU;GB
KNK;Kakhonak;N_A;US
KNQ;Kone;OC;NC
KNR;JAM/JAM;AS;IR
KNW;NewStuyahok;N_A;US
KOA;Kona;N_A;US
KOC;Koumac;OC;NC
KOI;Kirkwall;EU;GB
KOK;Kokkola/Pietarsaari;EU;FI
KOO;Kongolo;AF;CD
KOT;Kotlik;N_A;US
KOU;Koulamoutou;AF;GA
KOY;OlgaBay;N_A;US
KOZ;Ouzinkie;N_A;US
KPB;PointBaker;N_A;US
KPC;PortClarence;N_A;US
KPN;Kipnuk;N_A;US
KPR;PortWilliams;N_A;US
KPV;Perryville;N_A;US
KPY;PortBailey;N_A;US
KQA;Akutan;N_A;US
KRC;Kerinci;AS;ID
KRI;Kikori;OC;PG
KRK;Krakow;EU;PL
KRS;KristiansandKjevikAirport;EU;NO
KRT;Khartoum;AF;SD
KSC;Kosice;EU;SK
KSE;Kasese;AF;UG
KSF;Kassel;EU;DE
KSH;Kermanshah;AS;IR
KSJ;KasosIsland;EU;GR
KSL;KASSALA;AF;SD
KSM;StMarys;N_A;US
KSO;Kastoria;EU;GR
KSS;SIKASSO-DIGNANGAN;AF;ML
KSU;Kristiansund;EU;NO
KSY;Kars;AS;TR
KTL;Kitale;AF;KE
KTN;KetchikanInternationalApt;N_A;US
KTP;Kingston;N_A;JM
KTQ;KITEE;EU;FI
KTS;TellerMission;N_A;US
KTT;Kittila;EU;FI
KTW;Katowice;EU;PL
KUK;Kasigluk;N_A;US
KUO;Kuopio;EU;FI
KUS;KulusukIsland;N_A;GL
KUZ;Kuummiut;N_A;GL
KVA;Kavala;EU;GR
KVC;KingCove;N_A;US
KVG;Kavieng;OC;PG
KVL;Kivalina;N_A;US
KWI;Kuwait;AS;KW
KWK;Kwigillingok;N_A;US
KWN;Quinhagak;N_A;US
KWT;Kwethluk;N_A;US
KWZ;KOLWEZI;AF;CD
KXF;KoroIsland;OC;FJ
KXU;Katiu;OC;PF
KYA;Konya;AS;TR
KYE;KLEYATERENEMOUAWAD;AS;LB
KYK;Karluk;N_A;US
KYS;KAYES/DAG-DAG;AF;ML
KYU;Koyukuk;N_A;US
KZI;Kozani;EU;GR
KZR;Kutahya;AS;TR
KZS;Megisti;EU;GR
LAD;Luanda;AF;AO
LAE;Lae;OC;PG
LAF;LAFAYETTE/PURDUEUNIV;N_A;US
LAI;Lannion;EU;FR
LAK;Aklavik;N_A;CA
LAL;LAKELANDLINDERREGIONAL;N_A;US
LAM;LosAlamos;N_A;US
LAN;Lansing;N_A;US
LAP;LaPaz;N_A;MX
LAQ;Beida;AF;LY
LAR;Laramie;N_A;US
LAS;LasVegasMcCarranInternationalApt;N_A;US
LAU;Lamu;AF;KE
LAW;Lawton;N_A;US
LAX;LosAngelesInternationalApt;N_A;US
LBA;LeedsBradford;EU;GB
LBB;LubbockPrestonSmithInternationalApt;N_A;US
LBC;HamburgLuebeck-BlankenseeAirport;EU;DE
LBE;Latrobe;N_A;US
LBF;NorthPlatte;N_A;US
LBG;PARIS/LEBOURGET;EU;FR
LBI;ALBI/LESEQUESTRE;EU;FR
LBL;Liberal;N_A;US
LBP;LongBanga;AS;MY
LBS;Labasa;OC;FJ
LBV;Libreville;AF;GA
LCC;GALATINA/LECCE;EU;IT
LCE;LaCeiba;N_A;HN
LCG;ACoruna;EU;ES
LCH;LakeCharles;N_A;US
LCI;LACONIAMUNICIPAL;N_A;US
LCJ;LODZ/LUBLINEK;EU;PL
LCK;ColumbusRickenbackerApt;N_A;US
LCL;PINADELRIO/LACOLOMA;N_A;CU
LCQ;LAKECITYMUNI;N_A;US
LCR;LaChorrera;SA;CO
LCY;LondonCityApt;EU;GB
LDE;Lourdes/Tarbes;EU;FR
LDV;LANDIVISIAU;EU;FR
LDY;Derry;EU;GB
LEB;Lebanon;N_A;US
LEH;LeHavre;EU;FR
LEI;Almeria;EU;ES
LEJ;Leipzig/Halle;EU;DE
LEK;LABE/TATA;AF;GN
LEN;Leon;EU;ES
LEQ;Land'sEnd;EU;GB
LEV;Bureta;OC;FJ
LEX;LexingtonBlueGrassApt;N_A;US
LEY;LELYSTAD;EU;NL
LFB;Lumbo;AF;MZ
LFI;LANGLEYAFB;N_A;US
LFK;LUFKINANGELINACO;N_A;US
LFM;Lamerd;AS;IR
LFT;LafayetteRegionalApt;N_A;US
LFW;Lome;AF;TG
LGA;NewYorkLaGuardiaApt;N_A;US
LGB;LongBeachApt;N_A;US
LGC;LAGRANGE-CALLAWAY;N_A;US
LGG;LiegeApt;EU;BE
LGI;DeadmansCay;N_A;BS
LGU;LOGAN-CACHE;N_A;US
LGW;LondonGatwickApt;EU;GB
LHR;LondonHeathrowApt;EU;GB
LIC;LIMONMUNI;N_A;US
LID;LEIDEN/VALKENBURG;EU;NL
LIF;Lifou;OC;NC
LIG;Limoges;EU;FR
LIH;KauaiIslandLihueMunicipalApt;N_A;US
LIK;XXX;OC;MH
LIL;LilleLesquinAirport;EU;FR
LIN;MilanLinateApt;EU;IT
LIO;LIMONINTL;N_A;CR
LIR;Liberia;N_A;CR
LIS;Lisbon;EU;PT
LIT;LittleRock;N_A;US
LIZ;LIMESTONE/LORINGAFB;N_A;US
LJA;Lodja;AF;CD
LJU;Ljubljana;EU;SI
LKB;LakebaIsland;OC;FJ
LKG;Lokichogio;AF;KE
LKL;Lakselv;EU;NO
LKN;Leknes;EU;NO
LKY;LakeManyara;AF;TZ
LKZ;LAKENHEATH;EU;GB
LLI;Lalibela;AF;ET
LLU;AlluitsupPaa;N_A;GL
LLW;Lilongwe;AF;MW
LMA;LakeMinchumina;N_A;US
LMC;LaMacarena;SA;CO
LME;LEMANS/ARNAGE;EU;FR
LML;XXX;OC;MH
LMM;LosMochis;N_A;MX
LMO;LOSSIEMOUTH;EU;GB
LMP;Lampedusa;EU;IT
LMS;LOUISVILLE-WINSTONCOUNTY;N_A;US
LMT;KlamathFalls;N_A;US
LMY;LakeMurray;OC;PG
LNB;LamenBay;OC;VU
LND;LANDER;N_A;US
LNE;Lonorore;OC;VU
LNJ;Lincang;AS;CN
LNK;Lincoln;N_A;US
LNS;Lancaster;N_A;US
LNV;LihirIsland;OC;PG
LNY;LanaiCity;N_A;US
LNZ;LinzBlueDanube;EU;AT
LOD;Longana;OC;VU
LOK;Lodwar;AF;KE
LOL;LOVELOCK;N_A;US
LOO;LAGHOUATAFB;AF;DZ
LOT;CHICAGO/ROMEOVILLELEWISUNI.;N_A;US
LOU;LOUISVILLE/BOWMANFIELD;N_A;US
LOV;Monclova;N_A;MX
LOZ;LONDON-CORBINARPT-MAGEEFLD;N_A;US
LPA;GranCanaria;EU;ES
LPL;Liverpool;EU;GB
LPM;Lamap;OC;VU
LPP;Lappeenranta;EU;FI
LPY;LePuy;EU;FR
LQN;QalaINaw;AS;AF
LRA;LARISSA;EU;GR
LRD;Laredo;N_A;US
LRF;JACKSONVILLE/LITTLEROCKAFB;N_A;US
LRH;LaRochelle;EU;FR
LRL;NIAMTOUGOUINTL;AF;TG
LRM;LaRomana;N_A;DO
LRR;Lar;AS;IR
LRS;Leros;EU;GR
LRT;Lorient;EU;FR
LRU;LASCRUCESINTL;N_A;US
LSA;Losuia;OC;PG
LSE;LaCrosse;N_A;US
LSF;LAWSONAAFFORTBENNING;N_A;US
LSI;ShetlandIslandsSumburghApt;EU;GB
LSK;LENSK;N_A;US
LSV;LASVEGAS/NELLISAFB;N_A;US
LTA;TZANEEN;AF;ZA
LTB;LATROBEVALLEY;OC;AU
LTD;Ghadames;AF;LY
LTK;Latakia;AS;SY
LTN;LondonLutonApt;EU;GB
LTO;Loreto;N_A;MX
LTQ;LETOUQUET/PARISPLAGE;EU;FR
LTS;ALTUSAFB;N_A;US
LTT;LAMOLE;EU;FR
LUC;LaucalaIsland;OC;FJ
LUD;Luderitz;AF;N_A
LUF;GLENDALE/LUKEAFB;N_A;US
LUK;CincinnatiMunicipalApt;N_A;US
LUN;Lusaka;AF;ZM
LUO;Luena;AF;AO
LUP;Kalaupapa;N_A;US
LUR;CapeLisburne;N_A;US
LUX;Luxembourg;EU;LU
LUZ;Lublin;EU;PL
LVA;LAVAL/ENTRAMMES;EU;FR
LVI;Livingstone;AF;ZM
LVM;LIVINGSTONMISSIONFLD;N_A;US
LVP;LAVANISLAND;AS;IR
LVS;LASVEGASMUNI;N_A;US
LWB;Lewisburg;N_A;US
LWM;LAWRENCEMUNI;N_A;US
LWR;LEEUWARDEN;EU;NL
LWS;Lewiston;N_A;US
LWT;LEWISTOWNMUNI;N_A;US
LXR;Luxor;AF;EG
LXS;Limnos;EU;GR
LXU;LUKULU;AF;ZM
LXV;LEADVILLELAKECO;N_A;US
LYB;LittleCayman;N_A;KY
LYE;LYNEHAM;EU;GB
LYH;Lynchburg;N_A;US
LYN;LYON/BRON;EU;FR
LYR;Longyearbyen;EU;NO
LYS;LyonSt-ExuperyApt;EU;FR
LYX;LYDD;EU;GB
LZC;LazaroCardenas;N_A;MX
LZU;Lawrenceville;N_A;US
MAD;MadridBarajasApt;EU;ES
MAF;MidlandOdessaRegionalApt;N_A;US
MAG;Madang;OC;PG
MAH;Menorca;EU;ES
MAK;MALAKAL;AF;SS
MAM;Matamoros;N_A;MX
MAN;Manchester;EU;GB
MAS;ManusIsland;OC;PG
MAT;Matadi;AF;CD
MAU;MaupitiIsland;OC;PF
MAV;XXX;OC;MH
MBA;Mombasa;AF;KE
MBG;MOBRIDGEMUNI;N_A;US
MBI;Mbeya;AF;TZ
MBJ;MontegoBay;N_A;JM
MBL;Manistee;N_A;US
MBS;Saginaw;N_A;US
MBU;Mbambanakira;OC;SB
MBX;MARIBORINTL;EU;SI
MCA;MACENTA;AF;GN
MCB;MCCOMB/PIKECO/JOHNELEWIS;N_A;US
MCE;MercedMacreadyRegionalApt;N_A;US
MCF;MACDILLAFB;N_A;US
MCG;McGrath;N_A;US
MCI;KansasCityInternationalApt;N_A;US
MCK;McCook;N_A;US
MCM;Monaco;EU;MC
MCN;MaconLewisBWilsonApt;N_A;US
MCO;OrlandoInternationalApt;N_A;US
MCW;MASONCITYMUNI;N_A;US
MDK;Mbandaka;AF;CD
MDS;MiddleCaicos;N_A;TC
MDT;HarrisburgInternationalApt;N_A;US
MDU;Mendi;OC;PG
MDW;ChicagoMidwayApt;N_A;US
MED;Madinah;AS;SA
MEE;Mare;OC;NC
MEG;Malange;AF;AO
MEH;Mehamn;EU;NO
MEI;Meridian;N_A;US
MEM;MemphisInternationalApt;N_A;US
MEN;MENDE/BRENOUX;EU;FR
MEX;MexicoCityJuarezIntl;N_A;MX
MFD;MANSFIELDLAHMREGIONAL;N_A;US
MFE;McAllen;N_A;US
MFF;MOANDA;AF;GA
MFJ;Moala;OC;FJ
MFQ;MARADI;AF;NE
MFR;Medford;N_A;US
MFU;Mfuwe;AF;ZM
MGA;Managua;N_A;NI
MGE;DOBBINSAFB;N_A;US
MGL;MOENCHENGLADBACH;EU;DE
MGM;MontgomeryDannellyField;N_A;US
MGQ;Mogadishu;AF;SO
MGS;MangaiaIsland;OC;CK
MGW;Morgantown;N_A;US
MHD;Mashhad;AS;IR
MHG;Mannheim;EU;DE
MHH;MarshHarbour;N_A;BS
MHK;Manhattan;N_A;US
MHQ;Mariehamn;EU;FI
MHR;SACRAMENTOMATHER;N_A;US
MHT;Manchester;N_A;US
MHV;MOJAVE/KERNCOUNTY;N_A;US
MHZ;MILDENHALL;EU;GB
MIA;MiamiInternationalApt;N_A;US
MIB;MINOTAFB;N_A;US
MID;Merida;N_A;MX
MIJ;XXX;OC;MH
MIK;MIKKELI;EU;FI
MIP;RAMONAFB;AS;IL
MIR;Monastir;AF;TN
MIS;MisimaIsland;OC;PG
MIV;MILLVILLEMUNI;N_A;US
MJA;Manja;AF;MG
MJB;XXX;OC;MH
MJE;XXX;OC;MH
MJF;Mosjoen;EU;NO
MJI;TRIPOLI/MITIGA;AF;LY
MJL;MOUILLA;AF;GA
MJM;Mbuji-Mayi;AF;CD
MJN;Mahajanga;AF;MG
MJT;Mytilini;EU;GR
MJV;Murcia;EU;ES
MKC;KANSASCITYCH.B.WHEELERDOWNT;N_A;US
MKE;MilwaukeeGeneralMitchellIntlApt;N_A;US
MKG;Muskegon;N_A;US
MKJ;MAKOUA;AF;CG
MKK;Hoolehua;N_A;US
MKL;Jackson;N_A;US
MKP;Makemo;OC;PF
MKU;MAKOKOU;AF;GA
MLA;Malta;EU;MT
MLB;Melbourne;N_A;US
MLC;MCALESTERREGIONAL;N_A;US
MLI;Moline;N_A;US
MLL;Marshall;N_A;US
MLM;Morelia;N_A;MX
MLN;Melilla;EU;ES
MLO;Milos;EU;GR
MLS;MILESCITY/FRANKWILEY;N_A;US
MLU;Monroe;N_A;US
MLW;MonroviaSpriggsPayneApt;AF;LR
MLX;Malatya;AS;TR
MLY;ManleyHotSprings;N_A;US
MME;Durham;EU;GB
MMH;MammothLakes;N_A;US
MMO;MaioIsland;AF;CV
MMT;MCENTIREAIRNATIONALGUARD;N_A;US
MMU;Morristown;N_A;US
MMV;Milei;OC;PG
MMZ;Maimanah;AS;AF
MNB;Moanda;AF;CD
MNF;ManaIsland;OC;FJ
MNH;MINNERIYA;AS;OM
MNJ;Mananjary;AF;MG
MNR;MONGU;AF;ZM
MNS;Mansa;AF;ZM
MNT;Minto;N_A;US
MNY;XXX;OC;SB
MOA;Moa;N_A;CU
MOI;MitiaroIsland;OC;CK
MOL;Molde;EU;NO
MON;MOUNTCOOK;OC;NZ
MOQ;Morondava;AF;MG
MOT;MinotInternationalApt;N_A;US
MOU;MountainVillage;N_A;US
MOZ;Moorea;OC;PF
MPA;KatimaMulilo;AF;N_A
MPI;Mamitupo;N_A;PA
MPL;MontpellierMediterraneeApt;EU;FR
MPM;Maputo;AF;MZ
MPN;MountPleasant;SA;FK
MPP;Mulatupo;N_A;PA
MPV;EDWARDFKNAPPSTATE/BARRE;N_A;US
MQB;MACOMBMUNI;N_A;US
MQM;Mardin;AS;TR
MQN;MoIRana;EU;NO
MQQ;MOUNDOU;AF;TD
MQX;Mekele;AF;ET
MQY;SMYRNA;N_A;US
MRA;Misurata;AF;LY
MRB;MARTINSBURGEASTERNWVREG.;N_A;US
MRE;MasaiMara;AF;KE
MRM;Manare;OC;PG
MRO;MASTERTON;OC;NZ
MRS;MarseilleProvenceApt;EU;FR
MRU;Mauritius;AF;MU
MRW;LOLLANDFALSTER/MARIBO;EU;DK
MRX;BandarMahshahr;AS;IR
MRY;MontereyPeninsulaApt;N_A;US
MSA;MuskratDam;N_A;CA
MSE;MANSTON;EU;GB
MSL;MuscleShoals;N_A;US
MSN;Madison;N_A;US
MSO;Missoula;N_A;US
MSP;MinneapolisInternationalApt;N_A;US
MSR;Mus;AS;TR
MSS;Massena;N_A;US
MST;Maastricht/Aachen;EU;NL
MSU;Maseru;AF;LS
MSW;Massawa;AF;ER
MSY;NewOrleansLouisArmstrongIntlApt;N_A;US
MSZ;Namibe;AF;AO
MTH;Marathon;N_A;US
MTJ;Montrose;N_A;US
MTM;Metlakatla;N_A;US
MTN;BALTIMOREMARTINSTATE;N_A;US
MTP;MONTAUK;N_A;US
MTS;Manzini;AF;SZ
MTT;Minatitlan;N_A;MX
MTV;MotaLava;OC;VU
MTY;MonterreyMarianoEscobedoIntl;N_A;MX
MUA;Munda;OC;SB
MUB;Maun;AF;BW
MUC;MunichInternationalAirport;EU;DE
MUE;Kamuela;N_A;US
MUH;MERSA-MATRUH;AF;EG
MUK;MaukeIsland;OC;CK
MUO;MOUNTAINHOMEAFB;N_A;US
MUW;Mascara;AF;DZ
MUZ;Musoma;AF;TZ
MVB;FRANCEVILLE/MVENGUE;AF;GA
MVR;Maroua;AF;CM
MVT;Mataiva;OC;PF
MVY;Martha'sVineyard;N_A;US
MVZ;MASVINGO;AF;ZW
MWA;Marion;N_A;US
MWE;MEROWE;AF;SD
MWF;Maewo;OC;VU
MWH;MOSESLAKE/GRANTCOUNTYINTL;N_A;US
MWL;MINERALWELLS;N_A;US
MWZ;Mwanza;AF;TZ
MXF;MAXWELLAFB;N_A;US
MXH;Moro;OC;PG
MXL;Mexicali;N_A;MX
MXM;Morombe;AF;MG
MXN;MORLAIX/PLOUJEAN;EU;FR
MXP;MilanMalpensaApt;EU;IT
MXT;Maintirano;AF;MG
MYD;Malindi;AF;KE
MYG;Mayaguana;N_A;BS
MYL;MCCALLMUNICIPAL;N_A;US
MYN;MARIB;AS;YE
MYR;MyrtleBeachAFB;N_A;US
MYU;Mekoryuk;N_A;US
MYV;YUBACOUNTY/MARYSVILLE;N_A;US
MYW;Mtwara;AF;TZ
MZB;MOCIMBOADAPRAIA;AF;MZ
MZH;Amasya;AS;TR
MZI;MOPTI;AF;ML
MZJ;MARANA/PINALAIRPARK;N_A;US
MZM;METZ/FRESCATY;EU;FR
MZO;MANZANILLO/CUBA;N_A;CU
MZR;Mazar-eSharif;AS;AF
MZT;Mazatlan;N_A;MX
MZW;Mecheria;AF;DZ
NAE;NATITINGOU;AF;BJ
NAN;Nadi;OC;FJ
NAP;NaplesCapodichinoApt;EU;IT
NAQ;Qaanaaq;N_A;GL
NAS;Nassau;N_A;BS
NAU;Napuka;OC;PF
NAV;Nevsehir;AS;TR
NAZ;XXX;OC;SB
NBG;NEWORLEANSNASJRB;N_A;US
NBO;NairobiJomoKenyattaInternationalApt;AF;KE
NBS;ChangBaiShan;AS;CN
NBW;GUANTANAMOUS-NAVALAIRBASE;N_A;CU
NCA;NORTHCAICOS;N_A;TC
NCE;Nice;EU;FR
NCL;Newcastle;EU;GB
NCY;ANNECY/MEYTHET;EU;FR
NDB;Nouadhibou;AF;MR
NDE;Mandera;AF;KE
NDJ;N'Djamena;AF;TD
NDK;NamdrikIsland;OC;MH
NDR;Nador;AF;MA
NDU;Rundu;AF;N_A
NDY;Sanday;EU;GB
NEG;Negril;N_A;JM
NEW;NEWORLEANS/LAKEFRONT;N_A;US
NFL;FALLONNAS/VANVOORHISFLD;N_A;US
NFO;Mata'aho(TO);OC;TO
NGE;Ngaoundere;AF;CM
NGF;KANEOHEBAYMCAFMOKAPU;N_A;US
NGI;Ngau;OC;FJ
NGU;NORFOLKNAS;N_A;US
NGZ;ALAMEDANAS;N_A;US
NHF;NEWHALFA;AF;SD
NHT;NORTHOLT;EU;GB
NHV;NukuHiva;OC;PF
NHZ;BRUNSWICKNAS;N_A;US
NIB;Nikolai;N_A;US
NIM;Niamey;AF;NE
NIP;JACKSONVILLENAS;N_A;US
NIQ;Niaqornat;N_A;GL
NIU;Niau;OC;PF
NJK;ELCENTRONAF;N_A;US
NKC;Nouakchott;AF;MR
NKI;Naukiti;N_A;US
NKT;Sirnak;AS;TR
NKW;DIEGOGARCIA;AS;IO
NKX;SANDIEGO-MIRAMARMCAS;N_A;US
NLA;Ndola;AF;ZM
NLD;NuevoLaredo;N_A;MX
NLG;NelsonLagoon;N_A;US
NLO;KINSHASA/N'DOLO;AF;CD
NME;Nightmute;N_A;US
NNB;SantaAnaIsland;OC;SB
NNL;Nondalton;N_A;US
NOB;Nosara;N_A;CR
NOC;Knock;EU;IE
NOG;NOGALES;N_A;MX
NOP;Sinop;AS;TR
NOS;Nosy-Be;AF;MG
NOU;LaTontouta;OC;NC
NOV;Huambo;AF;AO
NPA;PENSACOLANAS/F.SHERMANFLD;N_A;US
NPE;Napier-Hastings;OC;NZ
NPL;NewPlymouth;OC;NZ
NQX;KEYWESTNAS/BOCACHICA;N_A;US
NQY;Newquay;EU;GB
NRD;Norderney;EU;DE
NRL;NorthRonaldsay;EU;GB
NRN;DuesseldorfWeezeAirport;EU;DE
NSB;ALICETOWN/SOUTHBEMINI;N_A;BS
NSH;NowShahr;AS;IR
NSI;YaoundeNsimalenIntlApt;AF;CM
NSN;Nelson;OC;NZ
NSQ;Nuussuaq;N_A;GL
NSY;CATANIA/SIGONELLA;EU;IT
NTB;NOTODDEN;EU;NO
NTD;POINTMUGUNAS;N_A;US
NTE;NantesAtlantiqueAirport;EU;FR
NTG;Nantong;AS;CN
NTR;MONTERREY/AEROPORTEDELNORTE;N_A;MX
NTT;Niuatoputapu;OC;TO
NTY;PILANESBERG;AF;ZA
NUD;NAHUD;AF;SD
NUE;Nuremberg;EU;DE
NUI;Nuiqsut;N_A;US
NUK;Nukutavake;OC;PF
NUL;Nulato;N_A;US
NUP;Nunapitchuk;N_A;US
NUQ;MOFFETFEDERALAIRFIELD;N_A;US
NUS;Norsup;OC;VU
NUU;Nakuru;AF;KE
NUW;WHIDBEYISLANDNAS;N_A;US
NVK;Narvik;EU;NO
NVS;NEVERS/FOURCHAMBAULT;EU;FR
NWA;MOHELI;AF;KM
NWI;Norwich;EU;GB
NYK;Nanyuki;AF;KE
NZE;NZEREKORE/KONIA;AF;GN
NZY;NORTHISLAND/HALSEYFLDNAS;N_A;US
OAI;Bagram;AS;AF
OAJ;Jacksonville;N_A;US
OAK;OaklandInternationalApt;N_A;US
OAM;OAMARU;OC;NZ
OAX;Oaxaca;N_A;MX
OBF;OBERPFAFFENHOFEN;EU;DE
OBL;ZOERSEL-MIL;EU;BE
OBN;Oban;EU;GB
OBS;AUBENAS/ARDECHEMERIDIONALE;EU;FR
OBU;Kobuk;N_A;US
OBX;Obo;OC;PG
OBY;Ittoqqortoormiit;N_A;GL
ODB;CORDOBA;EU;ES
ODE;ODENSE;EU;DK
ODH;ODIHAM;EU;GB
ODW;OakHarbor;N_A;US
OFF;OMAHA/OFFUT;N_A;US
OFK;NORFOLKKARLSTEFANMEMORIAL;N_A;US
OGD;OgdenMunicipalApt;N_A;US
OGG;Kahului;N_A;US
OGS;Ogdensburg;N_A;US
OGX;Ouargla;AF;DZ
OHA;OHAKEA;OC;NZ
OHD;OHRID;EU;MK
OKC;OklahomaCityWillRogersApt;N_A;US
OKH;COTTESMORE;EU;GB
OKS;OSHKOSHGARDENCOUNTY;N_A;US
OLA;Orland;EU;NO
OLB;Olbia;EU;IT
OLD;OLDTOWN/DEWITTFIELD;N_A;US
OLF;WolfPoint;N_A;US
OLJ;Olpoi;OC;VU
OLL;Oyo;AF;CG
OLM;OLYMPIA;N_A;US
OLS;NOGALESINTL;N_A;US
OLV;OLIVEBRANCH;N_A;US
OMA;OmahaEppleyAirfield;N_A;US
OMB;Omboue;AF;GA
OMD;Oranjemund;AF;N_A
OME;Nome;N_A;US
OMF;MAFRAQ;AS;JO
OMH;Urumiyeh;AS;IR
OMO;Mostar;EU;BA
OMR;Oradea;EU;RO
ONB;Ononge;OC;PG
OND;Ondangwa;AF;N_A
ONL;ONEILLMUNI-JOHNLBAKERFLD;N_A;US
ONP;Newport;N_A;US
ONQ;Zonguldak;AS;TR
ONT;OntarioLA/OntarioInternationalApt;N_A;US
ONX;COLON/E.A.JIMENEZ;N_A;PA
OOK;ToksookBay;N_A;US
OPF;OPALOCKA;N_A;US
OPO;Porto;EU;PT
OPU;Balimo;OC;PG
ORD;ChicagoO'HareInternationalApt;N_A;US
ORE;ORLEANS/BRICY;EU;FR
ORF;NorfolkInternationalApt;N_A;US
ORH;Worcester;N_A;US
ORK;Cork;EU;IE
ORL;ORLANDO/EXECUTIVE;N_A;US
ORN;OranEsSeniaApt;AF;DZ
ORP;ORAPA;AF;BW
ORT;NORTHWAY;N_A;US
ORV;Noorvik;N_A;US
ORZ;OrangeWalk;N_A;BZ
OSC;OSCODA-WURTSMITHAFB;N_A;US
OSH;OSHKOSHWITTMANREGIONAL;N_A;US
OSL;OsloGardermoenAirport;EU;NO
OSP;SLUPSKREDZIKOWO;EU;PL
OSR;Ostrava;EU;CZ
OST;Oostende/Brugge;EU;BE
OSY;Namsos;EU;NO
OSZ;XXX;EU;PL
OTD;ContadoraIsland;N_A;PA
OTH;NorthBend;N_A;US
OTM;OTTUMWAINDUSTRIAL;N_A;US
OTP;BucharestHenriCoandaApt;EU;RO
OTR;Coto47;N_A;CR
OTZ;Kotzebue;N_A;US
OUD;Oujda;AF;MA
OUE;OUESSO;AF;CG
OUH;OUDTSHOORN;AF;ZA
OUL;Oulu;EU;FI
OUR;BATOURI;AF;CM
OUZ;Zouerate;AF;MR
OVD;Asturias;EU;ES
OWB;Owensboro;N_A;US
OXB;Bissau;AF;GW
OXF;OXFORDKIDLINGTON;EU;GB
OXR;Oxnard;N_A;US
OYE;Oyem;AF;GA
OZG;Zagora;AF;MA
OZP;MORON;EU;ES
OZZ;Ouarzazate;AF;MA
PAC;PanamaCityMarcosA.GelabertIntl;N_A;PA
PAD;Paderborn/Lippstadt;EU;DE
PAE;EVERETT/SNOHOMISHCO;N_A;US
PAF;Pakuba;AF;UG
PAH;Paducah;N_A;US
PAK;PAKSEAIRFIELD;N_A;US
PAM;PANAMACITY/TYNDALLAFB;N_A;US
PAP;PortauPrince;N_A;HT
PAS;Paros;EU;GR
PAZ;PozaRica;N_A;MX
PBC;Puebla;N_A;MX
PBF;PINEBLUFF-GRIDERFLD;N_A;US
PBG;Plattsburgh;N_A;US
PBI;WestPalmBeachInternationalApt;N_A;US
PBJ;Paama;OC;VU
PBP;PuntaIslita;N_A;CR
PBR;PUERTOBARRIOS;N_A;GT
PBZ;PlettenbergBay;AF;ZA
PCA;PortageCreek;N_A;US
PCP;PRINCIPE;AF;ST
PDB;PedroBay;N_A;US
PDK;ATLANTA/DEKALB-PEACHTREE;N_A;US
PDL;PontaDelgada;EU;PT
PDS;PiedrasNegras;N_A;MX
PDT;Pendleton;N_A;US
PDX;Portland;N_A;US
PEC;Pelican;N_A;US
PED;Pardubice;EU;CZ
PEG;Perugia;EU;IT
PEU;PuertoLempira;N_A;HN
PFQ;Parsabad;AS;IR
PFR;ILEBO;AF;CD
PGA;Page;N_A;US
PGD;PuntaGorda;N_A;US
PGF;Perpignan;EU;FR
PGM;PortGraham;N_A;US
PGU;Asaloyeh;AS;IR
PGV;Greenville;N_A;US
PGX;Perigueux;EU;FR
PHF;NewportNews;N_A;US
PHG;PortHarcourtCity;AF;NG
PHL;PhiladelphiaInternationalApt;N_A;US
PHN;PORTHURON-STCLAIRECOINTL;N_A;US
PHO;PointHope;N_A;US
PHP;PHILIP;N_A;US
PHT;PARIS-EDGARCOUNTY;N_A;US
PHW;Phalaborwa;AF;ZA
PHX;PhoenixSkyHarborIntlApt;N_A;US
PIA;Peoria;N_A;US
PIB;LaurelHattiesburg-LaurelRegionalApt;N_A;US
PIE;TampaStPetersbrg-ClearwaterIntlApt;N_A;US
PIH;Pocatello;N_A;US
PIK;GlasgowPrestwickApt;EU;GB
PIP;PilotPointAirport;N_A;US
PIR;Pierre;N_A;US
PIS;PoitiersBiardAirport;EU;FR
PIT;PittsburghInternationalApt;N_A;US
PIW;PIKWITONEI;N_A;CA
PIX;PicoIsland;EU;PT
PJM;PuertoJimenez;N_A;CR
PKA;Napaskiak;N_A;US
PKB;Parkersburg/Marietta;N_A;US
PKD;PARKRAPIDSMUNI-KONSHOKFLD;N_A;US
PKO;PARAKOU;AF;BJ
PKW;SELEBI-PHIKWE;AF;BW
PLB;PLATTSBURG;N_A;US
PLD;PlayaS�mara;N_A;CR
PLH;PLYMOUTH;EU;GB
PLJ;Placencia;N_A;BZ
PLN;Pellston;N_A;US
PLS;Providenciales;N_A;TC
PLZ;PortElizabeth;AF;ZA
PMA;Pemba;AF;TZ
PMD;PALMDALERGNL/USAFPLANT42;N_A;US
PMF;MilanParmaApt;EU;IT
PMI;PalmaDeMallorca;EU;ES
PML;PortMoller;N_A;US
PMO;Palermo;EU;IT
PMR;PalmerstonNorth;OC;NZ
PMS;PALMYRA;AS;SY
PMZ;Palmar;N_A;CR
PNA;Pamplona;EU;ES
PNC;PONCACITYRGNL;N_A;US
PND;PuntaGorda;N_A;BZ
PNE;NORTHEASTPHILADELPHIA;N_A;US
PNL;Pantelleria;EU;IT
PNP;Popondetta;OC;PG
PNR;Pointe-Noire;AF;CG
PNS;PensacolaMunicipalApt;N_A;US
POB;FAYETTEVILLE/POPEAFB;N_A;US
POD;Podor;AF;SN
POF;POPLARBLUFFMUNI;N_A;US
POG;PortGentil;AF;GA
POL;Pemba;AF;MZ
POM;PortMoresby;OC;PG
POP;PuertoPlata;N_A;DO
POR;Pori;EU;FI
POT;PORTANTONIO/KENJONES;N_A;JM
POU;POUGHKEEPSIE-DUTCHESSCO;N_A;US
POW;PORTOROZ/INTL;EU;SI
POX;PONTOISE/CORMEILLESENVEXIN;EU;FR
POZ;Poznan;EU;PL
PPE;PuntaPe�asco;N_A;MX
PPG;PagoPago;OC;AS
PPQ;Paraparaumu;OC;NZ
PPT;Tahiti;OC;PF
PPV;PortProtection;N_A;US
PPW;PapaWestray;EU;GB
PQI;PresqueIsle;N_A;US
PQM;Palenque;N_A;MX
PQS;PilotStation;N_A;US
PRB;PASOROBLESMUNI;N_A;US
PRC;Prescott;N_A;US
PRG;PragueRuzyne;EU;CZ
PRI;PraslinIsland;AF;SC
PRM;PORTIMAO;SA;CO
PRN;Pristina;EU;XK
PRQ;PresidenciaRoqueS�enzPe�a;SA;AR
PRS;Parasi;OC;SB
PRV;PREROV;EU;CZ
PSA;Pisa;EU;IT
PSC;Pasco;N_A;US
PSD;PORTSAID;AF;EG
PSF;PITTSFIELDPENSTONEMUNI;N_A;US
PSG;Petersburg;N_A;US
PSL;PERTH/SCONE;EU;GB
PSM;PortsmouthPeaseInternationalAirport;N_A;US
PSP;PalmSpringsMunicipalApt;N_A;US
PSR;Pescara;EU;IT
PSX;PALACIOSMUNI;N_A;US
PTF;MaloloLailaiIsland;OC;FJ
PTG;Polokwane;AF;ZA
PTH;PortHeiden;N_A;US
PTK;PONTIACOAKLANDCOUNTYINTL;N_A;US
PTU;Platinum;N_A;US
PTY;PanamaCityTocumenInternational;N_A;PA
PUB;Pueblo;N_A;US
PUC;PRICE-CARBONCOUNTY;N_A;US
PUE;PuertoObaldia;N_A;PA
PUF;Pau;EU;FR
PUJ;PuntaCana;N_A;DO
PUM;Kolaka;AS;ID
PUV;POUMMALABOU;OC;NC
PUW;Pullman;N_A;US
PUZ;PUERTOCABEZAS;N_A;NI
PVC;Provincetown;N_A;US
PVD;Providence;N_A;US
PVE;ElPorvenir;N_A;PA
PVK;Preveza/Lefkada;EU;GR
PVR;PuertoVallarta;N_A;MX
PVU;Provo;N_A;US
PWA;OKLAHOMACITY-WILEYPOST;N_A;US
PWK;Chicago/ProspectHeights/Wheeling;N_A;US
PWM;Portland;N_A;US
PXM;PuertoEscondido;N_A;MX
PXO;PortoSanto;EU;PT
PYC;PlayonChico;N_A;PA
PYR;ANDRAVIDA;EU;GR
PZB;Pietermaritzburg;AF;ZA
PZE;Penzance;EU;GB
PZI;Panzhihua;AS;CN
PZU;PortSudan;AF;SD
PZY;PIESTANY;EU;SK
QAQ;L'AQUILA;EU;IT
QBC;BellaCoola;N_A;CA
QCU;Akunnaaq;N_A;GL
QFG;EqalugaarsuitHeliport;N_A;GL
QFI;Iginniarfik;N_A;GL
QGQ;Attu;N_A;GL
QJB;JUBAIL/NAVALBASE;AS;SA
QJE;Kitsissuarsuit;N_A;GL
QJI;Ikamiut;N_A;GL
QLF;LAHTI-VESIVEHMAA;EU;FI
QLR;MONTEREAL-AIRBASENR5;EU;PT
QLT;LATINA;EU;IT
QOQ;SaarloqHeliport;N_A;GL
QPA;PADOVA;EU;IT
QPW;Kangaatsiaq;N_A;GL
QRO;Queretaro;N_A;MX
QRW;Warri;AF;NG
QRY;Ikerasaarsuk;N_A;GL
QSA;SABADELL;EU;ES
QSF;Setif;AF;DZ
QSR;SALERNOPONTECAGNANO;EU;IT
QUB;Ubari;AF;LY
RAB;Rabaul;OC;PG
RAE;Arar;AS;SA
RAH;Rafha;AS;SA
RAI;Praia;AF;CV
RAK;Marrakech;AF;MA
RAR;RarotongaIsland;OC;CK
RAS;Rasht;AS;IR
RBM;STRAUBING;EU;DE
RBQ;Rurrenabaque;SA;BO
RBV;RamataIsland;OC;SB
RBX;Rumbek;AF;SS
RBY;Ruby;N_A;US
RCB;RichardsBay;AF;ZA
RCL;Redcliffe;OC;VU
RCO;ROCHEFORT/ST.AGNANT;EU;FR
RCY;RumCay;N_A;BS
RDZ;Rodez;EU;FR
REA;Reao;OC;PF
REB;RECHLIN-LAERZ;EU;DE
REG;ReggiodiCalabria;EU;IT
RET;Rost;EU;NO
REU;Reus;EU;ES
REX;Reynosa;N_A;MX
RFP;RaiateaIsland;OC;PF
RGI;RangiroaIsland;OC;PF
RGS;Burgos;EU;ES
RHE;REIMS/CHAMPAGNE;EU;FR
RHO;Rhodes;EU;GR
RIN;RingiCove;OC;SB
RIY;Mukalla;AS;YE
RJL;Logrono;EU;ES
RJN;RAFSANJAN;AS;IR
RKA;Aratika;OC;PF
RKE;COPENHAGENROSKILDE;EU;DK
RKT;RASALKHAIMAHINTL;AS;AE
RKV;ReykjavikApt;EU;IS
RKZ;Xigaze/Rikaze;AS;CN
RLA;ROLLA/VICHY;N_A;US
RMF;MarsaAlam;AF;EG
RMI;Rimini;EU;IT
RMT;Rimatara;OC;PF
RNA;Arona;OC;SB
RNE;ROANNE/RENAISON;EU;FR
RNL;RennellIsland;OC;SB
RNM;RAMONA;AS;OM
RNN;Bornholm;EU;DK
RNP;RongelapIsland;OC;MH
RNS;RennesStJacquesAirport;EU;FR
ROB;MonroviaRobertsInternationalApt;AF;LR
ROP;Rota;OC;MP
ROT;Rotorua;OC;NZ
RPN;ROSH-PINA/MAHANAIM-I.BEN-YAA;AS;IL
RRG;RodriguesIsland;AF;MU
RRR;Raroia;OC;PF
RRS;Roros;EU;NO
RSD;RockSound;N_A;BS
RSH;RussianMission;N_A;US
RTA;RotumaIsland;OC;FJ
RTB;Roatan;N_A;HN
RTM;RotterdamApt;EU;NL
RUA;Arua;AF;UG
RUD;Shahrood;AS;IR
RUE;Butembo;AF;CD
RUH;Riyadh;AS;SA
RUN;St-Denis;AF;RE
RUR;Rurutu;OC;PF
RUS;Marau;OC;SB
RVA;Farafangana;AF;MG
RVK;Rorvik;EU;NO
RVN;Rovaniemi;EU;FI
RVV;Raivavae;OC;PF
RYG;OsloMoss-RyggeAirport;EU;NO
RZE;Rzeszow;EU;PL
RZR;Ramsar;AS;IR
RZS;Sawan;AS;ID
SAE;Saatut;AS;ID
SAH;Sanaa;AS;YE
SAK;SAUDARKROKUR/ALEXANDER;EU;IS
SAL;SanSalvador;N_A;SV
SAP;SanPedroSula;N_A;HN
SAQ;SanAndros;N_A;BS
SAW;IstanbulSabihaGokcenApt;AS;TR
SAX;Sambu;N_A;PA
SAY;SIENA/AMPUGNANO;EU;IT
SBI;KOUNDARA;AF;GN
SBK;SAINTBRIEUC/ARMOR;EU;FR
SBU;SPRINGBOK;AF;ZA
SBZ;Sibiu;EU;RO
SCC;PrudhoeBay/Deadhorse;N_A;US
SCM;ScammonBay;N_A;US
SCN;SaarbrueckenAirport;EU;DE
SCQ;SantiagodeCompostela;EU;ES
SCS;SCATSTA;EU;GB
SCT;Socotra;AS;YE
SCU;SantiagodeCuba;N_A;CU
SCV;SUCEAVA/STEFANCELMARE;EU;RO
SCX;SalinaCruz;N_A;MX
SCZ;SantaCruzIsland;OC;SB
SDD;Lubango;AF;AO
SDG;Sanandaj;AS;IR
SDN;Sandane;EU;NO
SDP;SandPoint;N_A;US
SDQ;SantoDomingoLasAmericasIntl;N_A;DO
SDR;Santander;EU;ES
SDV;TelAviv-YafoSdeDov;AS;IL
SEB;Sebha;AF;LY
SEN;LondonSouthendApt;EU;GB
SEU;Seronera;AF;TZ
SEY;Selibaby;AF;MR
SEZ;MaheIsland;AF;SC
SFA;Sfax;AF;TN
SFH;SANFELIPE;N_A;MX
SFJ;Kangerlussuaq;N_A;GL
SFL;SaoFilipe;AF;CV
SFQ;SANLIURFA;AS;TR
SGD;SonderborgAirport;EU;DK
SGE;SIEGERLAND;EU;DE
SGK;Sangapi;OC;PG
SGX;Songea;AF;TZ
SGY;Skagway;N_A;US
SHG;Shungnak;N_A;US
SHH;Shishmaref;N_A;US
SHJ;Sharjah;AS;AE
SHO;SOKCHO;AF;SZ
SHW;Sharurah;AS;SA
SHX;Shageluk;N_A;US
SHY;SHINYANGA/IBADAKULI;AF;TZ
SID;SalIsland;AF;CV
SIR;SION;EU;CH
SIS;Sishen;AF;ZA
SIT;Sitka;N_A;US
SJD;SanJoseCabo;N_A;MX
SJJ;Sarajevo;EU;BA
SJO;SanJoseJuanSantamariaApt;N_A;CR
SJY;SEINAJOKI;EU;FI
SJZ;SaoJorgeIsland;EU;PT
SKC;Suki;OC;PG
SKE;Skien;EU;NO
SKG;Thessaloniki;EU;GR
SKK;Shaktoolik;N_A;US
SKN;Stokmarknes;EU;NO
SKP;Skopje;EU;MK
SKS;VOJENS/SKRYDSTRUP;EU;DK
SKU;Skyros;EU;GR
SKV;ST.CATHERINE;AS;EG
SLD;SLIAC;EU;SK
SLH;Sola;OC;VU
SLI;Solwezi;AF;ZM
SLM;Salamanca;EU;ES
SLP;SanLuisPotosi;N_A;MX
SLQ;Sleetmute;N_A;US
SLW;Saltillo;N_A;MX
SLX;SaltCay;N_A;TC
SMA;SantaMariaIsland;EU;PT
SMI;Samos;EU;GR
SMK;StMichael;N_A;US
SML;StellaMaris;N_A;BS
SMS;SteMarie;AF;MG
SMV;SAMEDAN;EU;CH
SNE;SaoNicolauIsland;AF;CV
SNN;Shannon;EU;IE
SNP;StPaulIsland;N_A;US
SNR;St-Nazaire;EU;FR
SNU;SantaClara;N_A;CU
SOB;Balaton;EU;HU
SOG;Sogndal;EU;NO
SOJ;Sorkjosen;EU;NO
SON;EspirituSanto;OC;VU
SOT;SODANKYLA;EU;FI
SOU;Southampton;EU;GB
SOV;Seldovia;N_A;US
SOY;Stronsay;EU;GB
SOZ;SOLENZARA;EU;FR
SPC;SantaCruzdelaPalma;EU;ES
SPN;Saipan;OC;MP
SPP;Menongue;AF;AO
SPR;SanPedro;N_A;BZ
SQS;SanIgnacia;N_A;BZ
SQZ;SCAMPTON;EU;GB
SRH;SARH;AF;TD
SRK;Siorapaluk;N_A;GL
SRP;Stord;EU;NO
SRT;SOROTI;AF;UG
SRX;Sirte;AF;LY
SRY;Sari;AS;IR
SSG;Malabo;AF;GQ
SSH;Sharmel-Sheikh;AS;EG
SSJ;Sandnessjoen;EU;NO
SSR;Sara;OC;VU
SSY;M'banzaCongo;AF;AO
STA;STAUNING;EU;DK
STG;StGeorgeIsland;N_A;US
STI;Santiago;N_A;DO
STN;LondonStanstedApt;EU;GB
STR;StuttgartAirport;EU;DE
SUF;LameziaTerme;EU;IT
SUJ;SatuMare;EU;RO
SUR;SummerBeaver;N_A;CA
SUV;Suva;OC;FJ
SVA;Savoonga;N_A;US
SVB;Sambava;AF;MG
SVF;SAVE;AF;BJ
SVG;Stavanger;EU;NO
SVJ;Svolvaer;EU;NO
SVK;SilverCreek;N_A;BZ
SVL;Savonlinna;EU;FI
SVP;Kuito;AF;AO
SVQ;Sevilla;EU;ES
SVR;Savissivik;N_A;GL
SVU;Savusavu;OC;FJ
SWJ;SouthWestBay;OC;VU
SWP;SWAKOPMUND;AF;N_A
SWS;SWANSEA;EU;GB
SWX;SHAKAWE;AF;BW
SXB;Strasbourg;EU;FR
SXF;BerlinSchoenefeldApt;EU;DE
SXI;SirriIsland;AS;IR
SXL;SLIGO;EU;IE
SXN;SUAPAN;AF;BW
SXZ;SIIRT;AS;TR
SYA;SHEMYA/EARECKSONAFS;N_A;US
SYJ;SIRJAN;AS;IR
SYQ;SanJoseTobiasBolanosApt;N_A;CR
SYT;SAINT-YAN;EU;FR
SYY;Stornoway;EU;GB
SYZ;Shiraz;AS;IR
SZA;Soyo;AF;AO
SZE;Semera;AF;ET
SZF;Carsamba;AS;TR
SZG;SalzburgWAMozart;EU;AT
SZJ;ISLADEJUVENTUD/SIGUANEA;N_A;CU
SZK;SKUKUZA;AF;ZA
SZT;SANCRISTOBALDELASCASAS;N_A;MX
SZW;SCHWERIN-PARCHIM;EU;DE
SZY;SZYMANYSZCZYTNO;EU;PL
SZZ;Szczecin;EU;PL
TAH;Tanna;OC;VU
TAI;Taizz;AS;YE
TAJ;Aitape;OC;PG
TAL;Tanana;N_A;US
TAM;Tampico;N_A;MX
TAP;Tapachula;N_A;MX
TAR;TARANTO/GROTTAGLIE;EU;IT
TAT;POPRAD/TATRY;EU;SK
TAY;Tartu;EU;EE
TBG;Tabubil;OC;PG
TBI;TheBight;N_A;BS
TBJ;TABARKA;AF;TN
TBO;Tabora;AF;TZ
TBU;Nuku'Alofa;OC;TO
TBY;TSHABONG;AF;BW
TBZ;Tabriz;AS;IR
TCB;TreasureCay;N_A;BS
TCD;Tarapaca;SA;CO
TCE;TULCEA/CATALOI;EU;RO
TCH;Tchibanga;AF;GA
TCP;TABAINTL;AS;EG
TCX;TABAS;AS;IR
TED;THISTED;EU;DK
TEE;Tebessa;AF;DZ
TEQ;Tekirdag;EU;TR
TER;Terceira;EU;PT
TET;Tete;AF;MZ
TEU;MANAPOURI;OC;NZ
TFI;Tufi;OC;PG
TFN;TenerifeNorte;EU;ES
TFS;TenerifeSurApt;EU;ES
TGD;Podgorica;EU;ME
TGH;Tongoa;OC;VU
TGJ;Tiga;OC;NC
TGM;TirguMures;EU;RO
TGR;Touggourt;AF;DZ
TGT;Tanga;AF;TZ
TGU;Tegucigalpa;N_A;HN
TGZ;TuxtlaGutierrez;N_A;MX
THF;BERLIN-TEMPELHOF;EU;DE
THO;THORSHOFN;EU;IS
THQ;Tianshui;AS;CN
THR;TehranMehrabadInternationalAirport;AS;IR
THU;Pituffik;N_A;GL
THZ;TAHOUA;AF;NE
TID;Tiaret;AF;DZ
TIF;Taif;AS;SA
TIH;Tikehau;OC;PF
TII;TarinKot;AS;AF
TIJ;Tijuana;N_A;MX
TIN;Tindouf;AF;DZ
TIP;Tripoli;AF;LY
TIQ;TINIANINTL;OC;MP
TIU;Timaru;OC;NZ
TIV;Tivat;EU;ME
TIZ;Tari;OC;PG
TJK;TOKAT;AS;TR
TJN;Takume;OC;PF
TKA;TALKEETNA;N_A;US
TKJ;Tok;N_A;US
TKP;Takapoto;OC;PF
TKQ;Kigoma;AF;TZ
TKU;Turku;EU;FI
TKV;Tatakoto;OC;PF
TKX;Takaroa;OC;PF
TLA;Teller;N_A;US
TLC;MexicoCityToluca-A.LopezMateos;N_A;MX
TLE;Toliara;AF;MG
TLJ;Tatalina;N_A;US
TLL;Tallinn;EU;EE
TLM;Tlemcen;AF;DZ
TLN;Toulon/Hyeres;EU;FR
TLS;Toulouse;EU;FR
TMM;Toamasina;AF;MG
TMP;Tampere;EU;FI
TMR;Tamanrasset;AF;DZ
TMS;SaoTome;AF;ST
TMU;Tambor;N_A;CR
TMX;TIMIMOUN;AF;DZ
TNC;TinCity;N_A;US
TND;TRINIDAD/ALBERTODELGADO;N_A;CU
TNG;Tangier;AF;MA
TNK;Tununak;N_A;US
TNO;Tamarindo;N_A;CR
TNR;Antananarivo;AF;MG
TOB;Tobruk;AF;LY
TOE;Tozeur;AF;TN
TOG;Togiak;N_A;US
TOH;Torres;OC;VU
TOJ;MADRID/TORREJON;EU;ES
TOM;Tombouctou;AF;ML
TOS;Tromso;EU;NO
TOU;Touho;OC;NC
TPI;Tapini;OC;PG
TPQ;Tepic;N_A;MX
TPS;Trapani;EU;IT
TQA;TasiussaqHeliport;N_A;GL
TQI;TiniteqilaaqHeliport;N_A;GL
TRC;Torreon;N_A;MX
TRD;TrondheimVaernesAirport;EU;NO
TRE;Tiree;EU;GB
TRF;OsloSandefjord-TorpArpt;EU;NO
TRG;Tauranga;OC;NZ
TRH;TURUKHANSK;N_A;US
TRN;TurinCaselleAirport;EU;IT
TRS;Trieste;EU;IT
TRW;Tarawa;OC;KI
TSF;VeniceTreviso/Sant'AngeloApt;EU;IT
TSH;Tshikapa;AF;CD
TSL;Tamuin;N_A;MX
TSR;Timisoara;EU;RO
TSS;NewYork;N_A;US
TTA;TanTan;AF;MA
TTB;TORTOLI/ARBATAX;EU;IT
TTQ;Tortuguero;N_A;CR
TTU;Tetouan;AF;MA
TUB;Tubuai;OC;PF
TUD;TAMBACOUNDA;AF;SN
TUF;ToursValdeLoireAirport;EU;FR
TUI;Turaif;AS;SA
TUN;Tunis;AF;TN
TUO;Taupo;OC;NZ
TUU;Tabuk;AS;SA
TVA;Morafenobe;AF;MG
TVS;Tangshan;AS;CN
TVU;TaveuniIsland;OC;FJ
TWA;TwinHills;N_A;US
TXL;BerlinTegelApt;EU;DE
TZA;BelizeCityMunicipalApt;N_A;BZ
TZL;Tuzla;EU;BA
TZN;SouthAndros;N_A;BS
TZX;Trabzon;AS;TR
UAB;ADANA/INCIRLIK;AS;TR
UAH;UaHuka;OC;PF
UAK;Narsarsuaq;N_A;GL
UAM;GUAM/ANDERSONAFB;OC;GU
UAP;UaPou;OC;PF
UAS;Samburu;AF;KE
UDN;UDINERIVOLTOMIL;EU;IT
UEL;Quelimane;AF;MZ
UHE;KUNOVICE;EU;CZ
UII;Utila;N_A;HN
UIP;Quimper;EU;FR
UIT;XXX;OC;MH
UKA;Ukunda;AF;KE
ULB;Ulei;OC;VU
ULD;Ulundi;AF;ZA
ULU;GULU;AF;UG
UMD;Uummannaq;N_A;GL
UND;Kunduz;AS;AF
UNG;Kiunga;OC;PG
UNK;Unalakleet;N_A;US
UPB;Havana;N_A;CU
UPN;Uruapan;N_A;MX
URE;Kuressaare;EU;EE
URO;ROUEN/VALLEEDESEINE;EU;FR
URY;Gurayat;AS;SA
USQ;USAK;AS;TR
UTC;UTRECHT/SOESTERBERG;EU;NL
UTI;UTTI;EU;FI
UTK;XXX;OC;MH
UTN;Upington;AF;ZA
UTT;Umtata;AF;ZA
UTW;QUEENSTOWN;AF;ZA
UVE;Ouvea;OC;NC
UVL;ELKHARGA;AF;EG
UYL;Nyala;AF;SD
VAA;Vaasa;EU;FI
VAF;VALENCE/CHABEUIL;EU;FR
VAI;Vanimo;OC;PG
VAK;Chevak;N_A;US
VAN;Van;AS;TR
VAO;Suavanao;OC;SB
VAS;Sivas;AS;TR
VAV;VAVAU;OC;TO
VAW;Vardo;EU;NO
VBS;BRESCIA/MONTICHIARI;EU;IT
VBV;VanuabalavuIsland;OC;FJ
VCE;VeniceMarcoPoloApt;EU;IT
VDA;Ovda;AS;IL
VDB;Fagernes;EU;NO
VDE;Valverde;EU;ES
VDS;Vadso;EU;NO
VDY;Vidyanagar;AS;IN
VDZ;Valdez;N_A;US
VEE;Venetie;N_A;US
VER;Veracruz;N_A;MX
VEY;VESTMANNAEYJAR;EU;IS
VFA;VictoriaFalls;AF;ZW
VGO;Vigo;EU;ES
VHC;Saurimo;AF;AO
VHY;VICHY/CHARMEIL;EU;FR
VIC;VICENZA;EU;IT
VIE;ViennaInternational;EU;AT
VIT;VITORIA/FORONDA;EU;ES
VLC;Valencia;EU;ES
VLI;PortVila;OC;VU
VLL;Valladolid;EU;ES
VLS;Valesdir;OC;VU
VLY;Anglesey;EU;GB
VMU;Baimuru;OC;PG
VNE;VANNES/MEUCON;EU;FR
VNX;Vilankulos;AF;MZ
VOL;Volos;EU;GR
VPE;Ondjiva;AF;AO
VPG;Vipingo;AF;KE
VPN;Vopnafj�r�ur;EU;IS
VPY;Chimoio;AF;MZ
VRA;JuanGGomezIntl;N_A;CU
VRK;VARKAUS;EU;FI
VRN;VeronaVillafrancaAirport;EU;IT
VRU;VRYBURG;AF;ZA
VRY;V�r�y;EU;NO
VSA;Villahermosa;N_A;MX
VSE;VISEU;EU;PT
VTU;LASTUNAS;N_A;CU
VVZ;ILLIZI/TAKHAMALT;AF;DZ
VXC;Lichinga;AF;MZ
VXE;SaoVicenteIsland;AF;CV
WAA;Wales;N_A;US
WAE;WadialDawaser;AS;SA
WAG;Wanganui;OC;NZ
WAI;Antsohihy;AF;MG
WAM;Ambatondrazaka;AF;MG
WAQ;Antsalova;AF;MG
WAT;Waterford;EU;IE
WAW;Warsaw;EU;PL
WAX;ZWARA;AF;LY
WBM;Wapenamanda;OC;PG
WBQ;Beaver;N_A;US
WDH;WindhoekHoseaKutakoInternational;AF;N_A
WFI;Fianarantsoa;AF;MG
WFK;FRENCHVILLENORT.AROOSTOOKREG;N_A;US
WHF;WADIHALFA;AF;SD
WHK;Whakatane;OC;NZ
WIC;Wick;EU;GB
WIL;NairobiWilsonApt;AF;KE
WJA;Woja;OC;MH
WJR;Wajir;AF;KE
WKA;Wanaka;OC;NZ
WKF;WATERKLOOF;AF;ZA
WKK;Aleknagik;N_A;US
WLG;Wellington;OC;NZ
WLH;Walaha;OC;VU
WLK;Selawik;N_A;US
WMI;NowyDworMazowiecki;EU;PL
WMN;Maroantsetra;AF;MG
WMO;WhiteMountain;N_A;US
WMR;MananaraAvaratra;AF;MG
WNA;Napakiak;N_A;US
WNN;WunnumminLake;N_A;CA
WOE;WOENSDRECHTAB;EU;NL
WPC;PINCHERCREEK;N_A;CA
WPM;Wipim;OC;PG
WRE;Whangarei;OC;NZ
WRG;Wrangell;N_A;US
WRO;Wroclaw;EU;PL
WRY;Westray;EU;GB
WSN;SouthNaknek;N_A;US
WSZ;Westport;OC;NZ
WTD;WESTEND;N_A;BS
WTE;XXX;OC;MH
WTK;Noatak;N_A;US
WTL;Tuntutuliak;N_A;US
WTN;WADDINGTON;EU;GB
WTO;XXX;OC;MH
WTP;Woitape;OC;PG
WTS;Tsiroanomandidy;AF;MG
WUU;WAU;AF;SS
WVB;WalvisBay;AF;N_A
WWK;Wewak;OC;PG
WWP;WhalePass;N_A;US
WWT;Newtok;N_A;US
XBE;BearskinLake;N_A;CA
XBJ;Birjand;AS;IR
XCR;ParisChalons-VatryAirport;EU;FR
XCZ;CHARLEVILLE/MEZIERES;EU;FR
XFW;HamburgFinkenwerder;EU;DE
XGR;Kangiqsualujjuaq;N_A;CA
XIQ;Ilimanaq;N_A;GL
XJD;ALUDAIDAIRBASE;AS;QA
XLB;LACBROCHET;N_A;CA
XLS;SAINTLOUIS;AF;SN
XLW;LEMWERDER;EU;DE
XMH;Manihi;OC;PF
XOG;ORANGE;EU;FR
XPK;PUKATAWAGAN;N_A;CA
XPP;POPLARRIVER;N_A;CA
XQP;Quepos;N_A;CR
XQU;QualicumBeach;N_A;CA
XRY;Jerez;EU;ES
XSB;SirBaniYasIsland;AS;AE
XSC;SouthCaicos;N_A;TC
XSI;SOUTHINDIANLAKE;N_A;CA
XTL;TADOULELAKE;N_A;CA
XYA;Yandina;OC;SB
YAA;AnahimLake;N_A;CA
YAK;Yakutat;N_A;US
YAO;YAOUNDE;AF;CM
YAV;Miner'sBay;N_A;CA
YAX;AnglingLake;N_A;CA
YAY;StAnthony;N_A;CA
YAZ;TOFINO;N_A;CA
YBB;PellyBay;N_A;CA
YBC;BaieComeau;N_A;CA
YBE;URANIUMCITY;N_A;CA
YBF;BONNYVILLE;N_A;CA
YBG;Bagotville;N_A;CA
YBI;BlackTickle;N_A;CA
YBK;BakerLake;N_A;CA
YBL;CampbellRiverMunicipalApt;N_A;CA
YBR;Brandon;N_A;CA
YBT;BROCHET;N_A;CA
YBV;BerensRiver;N_A;CA
YBW;BedwellHarbor;N_A;CA
YBX;BlancSablon;N_A;CA
YCB;CambridgeBay;N_A;CA
YCC;CORNWALLREGIONAL;N_A;CA
YCD;NanaimoCassidyApt;N_A;CA
YCE;CENTRALIA/HURONAIRPARK;N_A;CA
YCG;Castlegar;N_A;CA
YCH;MIRAMICHI;N_A;CA
YCK;ColvilleLake;N_A;CA
YCL;Charlo;N_A;CA
YCN;COCHRANE;N_A;CA
YCO;KugluktukCoppermine;N_A;CA
YCR;CROSSLAKE;N_A;CA
YCS;ChesterfieldInlet;N_A;CA
YCW;CHILLIWACK;N_A;CA
YCY;ClydeRiver;N_A;CA
YDA;DAWSONCITY;N_A;CA
YDB;BURWASH;N_A;CA
YDF;DeerLake;N_A;CA
YDL;DEASELAKE;N_A;CA
YDN;DAUPHINLTCW.G.(BILLY)BARKER;N_A;CA
YDP;Nain;N_A;CA
YDQ;DawsonCreek;N_A;CA
YDV;BLOODVEINRIVER;N_A;CA
YEG;EdmontonInternationalApt;N_A;CA
YEI;Bursa;AS;TR
YEK;Arviat;N_A;CA
YEL;ELLIOTLAKEMUNICIPAL;N_A;CA
YEM;MANITOWANINGMANITOULINEASTM;N_A;CA
YEO;YEOVILTON;EU;GB
YER;FortSevern;N_A;CA
YES;Yasouj;AS;IR
YET;EDSON;N_A;CA
YEU;EUREKA;N_A;CA
YEV;Inuvik;N_A;CA
YFA;FortAlbany;N_A;CA
YFB;Iqaluit;N_A;CA
YFC;Fredericton;N_A;CA
YFH;FortHope;N_A;CA
YFJ;SnareLake;N_A;CA
YFO;FlinFlon;N_A;CA
YFR;FORTRESOLUTION;N_A;CA
YFS;FortSimpson;N_A;CA
YFX;St.Lewis;N_A;CA
YGB;TEXADAGILLIESBAY;N_A;CA
YGG;GangesHarbor;N_A;CA
YGH;FortGoodHope;N_A;CA
YGK;KingstonNormanRogersApt;N_A;CA
YGL;LaGrande;N_A;CA
YGM;GIMLIINDUSTRIALPARKAIRPORT;N_A;CA
YGO;GODSLAKENARROWS;N_A;CA
YGP;Gaspe;N_A;CA
YGQ;GERALDTONGREENSTONEREGIONAL;N_A;CA
YGR;IlesdelaMadeleine;N_A;CA
YGT;Igloolik;N_A;CA
YGV;HavreStPierre;N_A;CA
YGW;Kuujjuarapik;N_A;CA
YGX;Gillam;N_A;CA
YGZ;GriseFiord;N_A;CA
YHA;PortHopeSimpson;N_A;CA
YHD;Dryden;N_A;CA
YHE;HOPE;N_A;CA
YHH;CampbellRiver;N_A;CA
YHI;Ulukhaktok;N_A;CA
YHK;GjoaHaven;N_A;CA
YHM;TorontoJohnCMunroHamilton;N_A;CA
YHO;Hopedale;N_A;CA
YHR;Chevery;N_A;CA
YHS;Sechelt;N_A;CA
YHU;MontrealStHubertApt;N_A;CA
YHY;HayRiver;N_A;CA
YHZ;HalifaxStanfieldInternationalApt;N_A;CA
YIB;ATIKOKANMUNI;N_A;CA
YIF;Pakuashipi;N_A;CA
YIK;Ivujivik;N_A;CA
YIO;PondInlet;N_A;CA
YIV;ISLANDLAKE;N_A;CA
YJN;ST-JEAN;N_A;CA
YJT;Stephenville;N_A;CA
YKA;Kamloops;N_A;CA
YKF;TorontoRegionofWaterlooInt;N_A;CA
YKL;Schefferville;N_A;CA
YKQ;Waskaganish;N_A;CA
YKX;KIRKLAND;N_A;CA
YKZ;TORONTOBUTTONVILLEMUNI;N_A;CA
YLB;LACLABICHE;N_A;CA
YLC;Kimmirut/LakeHarbour;N_A;CA
YLD;CHAPLEAU;N_A;CA
YLE;Whati;N_A;CA
YLH;LansdowneHouse;N_A;CA
YLI;YLIVIESKA;EU;FI
YLJ;MEADOWLAKE;N_A;CA
YLL;Lloydminster;N_A;CA
YLQ;LATUQUE;N_A;CA
YLR;LEAFRAPIDS;N_A;CA
YLT;ALERT;N_A;CA
YLW;Kelowna;N_A;CA
YLY;LangleyRegional;N_A;CA
YMH;Mary'sHarbour;N_A;CA
YMJ;MOOSEJAWV.MARSHALLCMMCEWEN;N_A;CA
YMM;FortMcMurray;N_A;CA
YMN;Makkovik;N_A;CA
YMO;Moosonee;N_A;CA
YMP;PortMcNeill;N_A;CA
YMT;Chibougamau;N_A;CA
YMU;MansonsLanding;N_A;CA
YMW;MANIWAKI;N_A;CA
YMX;MONTREALINTLMIRABEL;N_A;CA
YNA;Natashquan;N_A;CA
YNB;YanbualBahr;AS;SA
YNC;Wemindji;N_A;CA
YND;OTTAWA/GATINEAU;N_A;CA
YNE;NORWAYHOUSE;N_A;CA
YNH;HUDSONSHOPE;N_A;CA
YNM;MATAGAMI;N_A;CA
YNO;NorthSpiritLake;N_A;CA
YNP;Natuashish;N_A;CA
YNS;Nemiscau;N_A;CA
YNT;Yantai;AS;CN
YOA;EKATI;N_A;CA
YOC;OldCrow;N_A;CA
YOD;COLDLAKE;N_A;CA
YOG;Ogoki;N_A;CA
YOH;OXFORDHOUSE;N_A;CA
YOJ;HighLevel;N_A;CA
YOP;RainbowLake;N_A;CA
YOW;McDonald-CartierIntlApt;N_A;CA
YOY;VALCARTIER;N_A;CA
YPA;PRINCEALBERTGLASSFIELD;N_A;CA
YPB;PortAlberni;N_A;CA
YPC;Paulatuk;N_A;CA
YPD;CAPEPARRY;N_A;CA
YPE;PEACERIVER;N_A;CA
YPG;PORTAGELAPRAIRIE/SOUTHPORT;N_A;CA
YPH;Inukjuak;N_A;CA
YPJ;Aupaluk;N_A;CA
YPL;PickleLake;N_A;CA
YPM;Pikangikum;N_A;CA
YPN;PortMenier;N_A;CA
YPO;Peawanuck;N_A;CA
YPQ;PETERBOROUGH;N_A;CA
YPR;PrinceRupertDigbyIslandApt;N_A;CA
YPS;PORTHAWKESBURY;N_A;CA
YPW;PowellRiver;N_A;CA
YPX;Puvirnituq;N_A;CA
YPY;FortChipewyan;N_A;CA
YPZ;BURNSLAKE;N_A;CA
YQA;MUSKOKA;N_A;CA
YQB;QuebecInternationalAirport;N_A;CA
YQC;Quaqtaq;N_A;CA
YQD;ThePas;N_A;CA
YQF;RedDeer;N_A;CA
YQG;WindsorApt;N_A;CA
YQH;WATSONLAKE;N_A;CA
YQI;YARMOUTH;N_A;CA
YQK;Kenora;N_A;CA
YQL;Lethbridge;N_A;CA
YQM;GreaterMonctonInternationalAirport;N_A;CA
YQN;Nakina;N_A;CA
YQQ;Comox;N_A;CA
YQR;Regina;N_A;CA
YQS;ST.THOMASMUNI;N_A;CA
YQT;ThunderBay;N_A;CA
YQU;GrandePrairie;N_A;CA
YQV;YORKTONMUNI;N_A;CA
YQW;NORTHBATTLEFORDCAMERON;N_A;CA
YQX;Gander;N_A;CA
YQY;Sydney;N_A;CA
YQZ;Quesnel;N_A;CA
YRA;RaeLakes;N_A;CA
YRB;Resolute;N_A;CA
YRF;Cartwright;N_A;CA
YRG;Rigolet;N_A;CA
YRI;RIVIERE-DU-LOUP;N_A;CA
YRJ;ROBERVAL;N_A;CA
YRL;RedLake;N_A;CA
YRM;ROCKYMOUNTAINHOUSE;N_A;CA
YRO;OTTAWA/ROCKCLIFFE;N_A;CA
YRQ;THETFORDMINES;N_A;CA
YRS;REDSUCKERLAKE;N_A;CA
YRT;RankinInlet;N_A;CA
YSB;Sudbury;N_A;CA
YSC;SHERBROOKE;N_A;CA
YSE;SQUAMISH;N_A;CA
YSF;STONYRAPIDS;N_A;CA
YSG;LutselkeSnowdrift;N_A;CA
YSJ;StJohn;N_A;CA
YSK;Sanikiluaq;N_A;CA
YSL;ST.LEONARD;N_A;CA
YSM;FortSmith;N_A;CA
YSN;ST.CATHARINES/NIAGARA;N_A;CA
YSO;Postville;N_A;CA
YSP;MARATHON;N_A;CA
YST;ST.THERESAPOINT;N_A;CA
YSU;SUMMERSIDE;N_A;CA
YSY;SachsHarbour;N_A;CA
YTA;PEMBROKE;N_A;CA
YTD;THICKETPORTAGE;N_A;CA
YTE;CapeDorset;N_A;CA
YTF;ALMA;N_A;CA
YTG;SullivanBay;N_A;CA
YTH;Thompson;N_A;CA
YTJ;TERRACEBAY;N_A;CA
YTL;BigTroutLake;N_A;CA
YTM;MontTremblant;N_A;CA
YTQ;Tasiujuaq;N_A;CA
YTR;TRENTON;N_A;CA
YTS;Timmins;N_A;CA
YTZ;BishopBillyCityA/P;N_A;CA
YUB;Tuktoyaktuk;N_A;CA
YUD;Umiujaq;N_A;CA
YUJ;LADYFRANKLINPOINT;N_A;CA
YUL;MontrealPierreElliottTrudeauIntApt;N_A;CA
YUM;YumaInternationalApt;N_A;US
YUT;RepulseBay;N_A;CA
YUX;HallBeach;N_A;CA
YUY;Rouyn;N_A;CA
YVA;Moroni;AF;KM
YVB;Bonaventure;N_A;CA
YVC;LARONGE(BARBERFIELD);N_A;CA
YVE;VERNON;N_A;CA
YVM;Qikiqtarjuaq;N_A;CA
YVO;ValD'Or;N_A;CA
YVP;Kuujjuaq;N_A;CA
YVQ;NormanWells;N_A;CA
YVR;VancouverInternationalApt;N_A;CA
YVT;BUFFALONARROWS;N_A;CA
YVV;WIARTON;N_A;CA
YVZ;DeerLake;N_A;CA
YWA;PETAWAWA;N_A;CA
YWB;Kangiqsujuaq;N_A;CA
YWG;Winnipeg;N_A;CA
YWH;VictoriaInnerHarbourApt;N_A;CA
YWJ;Deline;N_A;CA
YWK;Wabush;N_A;CA
YWL;WilliamsLake;N_A;CA
YWM;WilliamsHarbour;N_A;CA
YWO;LUPIN;N_A;CA
YWP;Webequie;N_A;CA
YWS;Whistler;N_A;CA
YWY;WRIGLEY;N_A;CA
YXC;Cranbrook;N_A;CA
YXD;EDMONTONCITYCENTRE;N_A;CA
YXE;Saskatoon;N_A;CA
YXH;MedicineHat;N_A;CA
YXJ;FortStJohn;N_A;CA
YXK;RIMOUSKI/RICHELIEU;N_A;CA
YXL;SiouxLookout;N_A;CA
YXN;WhaleCove;N_A;CA
YXP;Pangnirtung;N_A;CA
YXR;EARLTON/TIMISKAMINGREGIONAL;N_A;CA
YXS;PrinceGeorge;N_A;CA
YXT;Terrace;N_A;CA
YXU;LondonInternational;N_A;CA
YXX;Abbotsford;N_A;CA
YXY;Whitehorse;N_A;CA
YXZ;WAWA;N_A;CA
YYB;NorthBay;N_A;CA
YYC;Calgary;N_A;CA
YYD;Smithers;N_A;CA
YYE;FortNelson;N_A;CA
YYF;Penticton;N_A;CA
YYG;Charlottetown;N_A;CA
YYH;Taloyoak;N_A;CA
YYJ;VictoriaInternationalApt;N_A;CA
YYL;LYNNLAKE;N_A;CA
YYN;SWIFTCURRENT;N_A;CA
YYQ;ChurchillAirport;N_A;CA
YYR;GooseBay;N_A;CA
YYT;StJohns;N_A;CA
YYU;Kapuskasing;N_A;CA
YYY;MontJoli;N_A;CA
YYZ;LesterBPearsonIntl;N_A;CA
YZE;GOREBAYMANITOULIN;N_A;CA
YZF;Yellowknife;N_A;CA
YZG;Salluit;N_A;CA
YZH;SLAVELAKE;N_A;CA
YZP;Sandspit;N_A;CA
YZR;SarniaChrisHadfieldApt;N_A;CA
YZS;CoralHarbour;N_A;CA
YZT;PortHardy;N_A;CA
YZU;WHITECOURT;N_A;CA
YZV;Sept-Iles;N_A;CA
YZX;GREENWOOD;N_A;CA
YZY;Zhangye;AS;CN
YZZ;Trail;N_A;CA
ZAC;YORKLANDING;N_A;CA
ZAH;Zahedan;AS;IR
ZAJ;Zaranj;AS;AF
ZAO;CAHORSLALBENQUE;EU;FR
ZAZ;Zaragoza;EU;ES
ZBF;Bathurst;N_A;CA
ZBM;BROMONT;N_A;CA
ZBR;ChahBahar;AS;IR
ZCL;Zacatecas;N_A;MX
ZEL;BellaBella;N_A;CA
ZEM;EastMain;N_A;CA
ZFD;FOND-DU-LAC;N_A;CA
ZFM;FortMcPherson;N_A;CA
ZFN;TulitaFortNorman;N_A;CA
ZGI;GODSRIVER;N_A;CA
ZGR;LITTLEGRANDRAPIDS;N_A;CA
ZGU;Gaua;OC;VU
ZHI;GRENCHEN;EU;CH
ZIG;Ziguinchor;AF;SN
ZIH;Ixtapa/Zihuatanejo;N_A;MX
ZJG;JENPEG;N_A;CA
ZKE;Kashechewan;N_A;CA
ZLO;Manzanillo;N_A;MX
ZMG;MAGDEBURG;EU;DE
ZMH;108MILEAIRPORT;N_A;CA
ZMT;Masset;N_A;CA
ZNA;NanaimoHarbour;N_A;CA
ZND;ZINDER;AF;NE
ZNZ;Zanzibar;AF;TZ
ZPB;SachigoLake;N_A;CA
ZQN;Queenstown;OC;NZ
ZQW;ZweibrueckenAirport;EU;DE
ZQZ;Zhangjiakou;AS;CN
ZRH;ZurichAirport;EU;CH
ZRJ;RoundLake;N_A;CA
ZSA;SanSalvador;N_A;BS
ZSE;St-Pierre;AF;RE
ZSJ;SandyLake;N_A;CA
ZTA;Tureia;OC;PF
ZTH;ZakinthosIsland;EU;GR
ZTM;SHAMATTAWA;N_A;CA
ZUM;ChurchillFalls;N_A;CA
ZWL;WOLLASTONLAKE;N_A;CA
ZZU;Mzuzu;AF;MW
